delete from Groups ;
delete from User;
delete from User_Groups;

insert into User (id, name, username, password, phone_Number, photo) values ('6070b024fc13ae796600005a', 'Issie', 'Issie Jarrold', 'mTnlxx', '662-606-8122', 'https://robohash.org/utetnihil.png?size=50x50&set=set1');
insert into User (id, name, username, password, phone_Number, photo) values ('6070b024fc13ae796600005b', 'Delores', 'Delores Rickarsey', '22HgJC', '931-545-2820', 'https://robohash.org/fugiatdolorumpariatur.png?size=50x50&set=set1');
insert into User (id, name, username, password, phone_Number, photo) values ('6070b024fc13ae796600005c', 'Keelby', 'Keelby Claeskens', 'm23WjV23UK', '909-436-2065', 'https://robohash.org/doloresnontempora.png?size=50x50&set=set1');
insert into User (id, name, username, password, phone_Number, photo) values ('6070b024fc13ae796600005d', 'Adelbert', 'Adelbert Hardey', '7P9huGwE', '843-248-5100', 'https://robohash.org/seddoloresvitae.png?size=50x50&set=set1');
insert into User (id, name, username, password, phone_Number, photo) values ('6070b024fc13ae796600005e', 'Beniamino', 'Beniamino Gerrit', 'J1YsXtgW95xG', '883-100-6825', 'https://robohash.org/consequaturquodtenetur.png?size=50x50&set=set1');
insert into User (id, name, username, password, phone_Number, photo) values ('6070b024fc13ae796600005f', 'Drud', 'Drud Birley', 'DraHP1peu5Ex', '998-654-3299', 'https://robohash.org/impeditetomnis.png?size=50x50&set=set1');
insert into User (id, name, username, password, phone_Number, photo) values ('6070b024fc13ae7966000060', 'Theodosia', 'Theodosia Northbridge', 'vFNppSiiPbV', '706-976-6223', 'https://robohash.org/suscipitdoloremqueut.png?size=50x50&set=set1');
insert into User (id, name, username, password, phone_Number, photo) values ('6070b024fc13ae7966000061', 'Maddie', 'Maddie Koppe', 'bcWTv6EDZzXL', '782-985-6729', 'https://robohash.org/etquaequos.png?size=50x50&set=set1');
insert into User (id, name, username, password, phone_Number, photo) values ('6070b024fc13ae7966000062', 'Priscella', 'Priscella Becke', '4zkNwjbQ2ch', '868-931-9947', 'https://robohash.org/hicdoloresvelit.png?size=50x50&set=set1');
insert into User (id, name, username, password, phone_Number, photo) values ('6070b024fc13ae7966000063', 'Ford', 'Ford Heinzel', 'qWGOo5', '853-925-7818', 'https://robohash.org/rerumametat.png?size=50x50&set=set1');
insert into User (id, name, username, password, phone_Number, photo) values ('6070b024fc13ae7966000064', 'Cullan', 'Cullan Camosso', '9OEXu8Oig', '136-526-9727', 'https://robohash.org/maximeametcumque.png?size=50x50&set=set1');
insert into User (id, name, username, password, phone_Number, photo) values ('6070b024fc13ae7966000065', 'Kristal', 'Kristal Revell', 'ReoTttGkI', '906-164-4492', 'https://robohash.org/abquidelectus.png?size=50x50&set=set1');
insert into User (id, name, username, password, phone_Number, photo) values ('6070b024fc13ae7966000066', 'Cassi', 'Cassi Poxson', 'XXj7Gu', '547-454-3695', 'https://robohash.org/oditnonmaiores.png?size=50x50&set=set1');
insert into User (id, name, username, password, phone_Number, photo) values ('6070b024fc13ae7966000067', 'Perle', 'Perle Minot', 'lM8tFR', '127-875-4617', 'https://robohash.org/voluptasplaceattempore.png?size=50x50&set=set1');
insert into User (id, name, username, password, phone_Number, photo) values ('6070b024fc13ae7966000068', 'Franklin', 'Franklin Dugald', 'x3ygphieQ', '884-973-5478', 'https://robohash.org/architectonumquamsint.png?size=50x50&set=set1');
insert into User (id, name, username, password, phone_Number, photo) values ('6070b024fc13ae7966000069', 'Tiertza', 'Tiertza Finch', '3Wpcxp50dXk', '587-580-1158', 'https://robohash.org/voluptaseaipsa.png?size=50x50&set=set1');
insert into User (id, name, username, password, phone_Number, photo) values ('6070b024fc13ae796600006a', 'Pierce', 'Pierce Dufaur', 'OLjvZd', '283-464-9376', 'https://robohash.org/voluptateeosquos.png?size=50x50&set=set1');
insert into User (id, name, username, password, phone_Number, photo) values ('6070b024fc13ae796600006b', 'Art', 'Art Tenaunt', '9w8MK6tex6', '250-768-6808', 'https://robohash.org/consequaturutvoluptatem.png?size=50x50&set=set1');
insert into User (id, name, username, password, phone_Number, photo) values ('6070b024fc13ae796600006c', 'Molli', 'Molli Hasney', '5mip5hN', '594-736-2060', 'https://robohash.org/eteaaspernatur.png?size=50x50&set=set1');
insert into User (id, name, username, password, phone_Number, photo) values ('6070b024fc13ae796600006d', 'Ollie', 'Ollie Campey', 'z5cOZDYLMxB1', '286-205-6379', 'https://robohash.org/beataequidemmodi.png?size=50x50&set=set1');
insert into User (id, name, username, password, phone_Number, photo) values ('6070b024fc13ae796600006e', 'Marlo', 'Marlo Beauvais', 'E0D3890V', '380-677-4096', 'https://robohash.org/fugiatetharum.png?size=50x50&set=set1');
insert into User (id, name, username, password, phone_Number, photo) values ('6070b024fc13ae796600006f', 'Denni', 'Denni Colomb', 'XmhWJqKdVz', '785-237-0550', 'https://robohash.org/eumsuscipitvitae.png?size=50x50&set=set1');
insert into User (id, name, username, password, phone_Number, photo) values ('6070b024fc13ae7966000070', 'Leigh', 'Leigh Wackett', '1JgLsjj', '110-556-8289', 'https://robohash.org/nequedoloresdoloribus.png?size=50x50&set=set1');
insert into User (id, name, username, password, phone_Number, photo) values ('6070b024fc13ae7966000071', 'Sabina', 'Sabina Bauckham', 'LY86G37u', '669-318-7993', 'https://robohash.org/utmodiipsam.png?size=50x50&set=set1');
insert into User (id, name, username, password, phone_Number, photo) values ('6070b024fc13ae7966000072', 'Buffy', 'Buffy Kears', 'InKb0fSe1uK', '372-664-2248', 'https://robohash.org/dolorumdolorebeatae.png?size=50x50&set=set1');
insert into User (id, name, username, password, phone_Number, photo) values ('6070b024fc13ae7966000073', 'Frannie', 'Frannie McCraw', 'YoYBqB7', '748-181-6341', 'https://robohash.org/temporibusitaqueut.png?size=50x50&set=set1');
insert into User (id, name, username, password, phone_Number, photo) values ('6070b024fc13ae7966000074', 'Inna', 'Inna Worsnup', 'eaf6to9WS', '561-779-7184', 'https://robohash.org/laudantiumsapientevoluptas.png?size=50x50&set=set1');
insert into User (id, name, username, password, phone_Number, photo) values ('6070b024fc13ae7966000075', 'Gilles', 'Gilles Greenshields', 'xIzezmdb0', '209-320-2245', 'https://robohash.org/quodquoeaque.png?size=50x50&set=set1');
insert into User (id, name, username, password, phone_Number, photo) values ('6070b024fc13ae7966000076', 'Benedetto', 'Benedetto Peartree', 'b2CRWPrA', '946-414-2667', 'https://robohash.org/repudiandaetemporibuset.png?size=50x50&set=set1');
insert into User (id, name, username, password, phone_Number, photo) values ('6070b024fc13ae7966000077', 'Benedetta', 'Benedetta Hurring', 'xXpoIXdd5TmM', '872-996-1533', 'https://robohash.org/animiquiamaiores.png?size=50x50&set=set1');
insert into User (id, name, username, password, phone_Number, photo) values ('6070b024fc13ae7966000078', 'Kylynn', 'Kylynn Cartmell', 'pUIOJUEgB', '136-691-7434', 'https://robohash.org/delectusquisquo.png?size=50x50&set=set1');
insert into User (id, name, username, password, phone_Number, photo) values ('6070b024fc13ae7966000079', 'Corny', 'Corny Ewenson', 'JWEN5FPx', '640-587-4154', 'https://robohash.org/eaquenonquia.png?size=50x50&set=set1');
insert into User (id, name, username, password, phone_Number, photo) values ('6070b024fc13ae796600007a', 'Valdemar', 'Valdemar Cheavin', 'hONv9i', '370-945-2643', 'https://robohash.org/possimusquisdoloribus.png?size=50x50&set=set1');
insert into User (id, name, username, password, phone_Number, photo) values ('6070b024fc13ae796600007b', 'Otes', 'Otes Barradell', 'j5px6i3ReXkW', '496-946-7089', 'https://robohash.org/eaqueinventorefacere.png?size=50x50&set=set1');
insert into User (id, name, username, password, phone_Number, photo) values ('6070b024fc13ae796600007c', 'Jesus', 'Jesus Eshmade', '0jRRdr7530y', '781-426-1111', 'https://robohash.org/autemoptiodolor.png?size=50x50&set=set1');
insert into User (id, name, username, password, phone_Number, photo) values ('6070b024fc13ae796600007d', 'Kort', 'Kort Axford', 'pds8ZfB', '226-561-2895', 'https://robohash.org/autsimiliquedolore.png?size=50x50&set=set1');
insert into User (id, name, username, password, phone_Number, photo) values ('6070b024fc13ae796600007e', 'Rosalynd', 'Rosalynd Sarten', 'KIOKcf1R', '111-559-0834', 'https://robohash.org/placeatutpraesentium.png?size=50x50&set=set1');
insert into User (id, name, username, password, phone_Number, photo) values ('6070b024fc13ae796600007f', 'Madelyn', 'Madelyn Reilingen', '06OlH0qncMoj', '515-741-3116', 'https://robohash.org/temporeinciduntvoluptas.png?size=50x50&set=set1');
insert into User (id, name, username, password, phone_Number, photo) values ('6070b024fc13ae7966000080', 'Nola', 'Nola Gath', 'R1lRkT6umzNY', '244-770-5347', 'https://robohash.org/aperiamearumtempora.png?size=50x50&set=set1');
insert into User (id, name, username, password, phone_Number, photo) values ('6070b024fc13ae7966000081', 'Hedy', 'Hedy Limerick', 'CKeR7ckV1H', '240-472-6187', 'https://robohash.org/eumsedalias.png?size=50x50&set=set1');
insert into User (id, name, username, password, phone_Number, photo) values ('6070b024fc13ae7966000082', 'Alayne', 'Alayne Struther', 'lmdCKp', '481-505-1534', 'https://robohash.org/eiusdoloresassumenda.png?size=50x50&set=set1');
insert into User (id, name, username, password, phone_Number, photo) values ('6070b024fc13ae7966000083', 'Rhianna', 'Rhianna Ballefant', 'yAQMrpSBj1', '198-340-7906', 'https://robohash.org/ullamestsed.png?size=50x50&set=set1');
insert into User (id, name, username, password, phone_Number, photo) values ('6070b024fc13ae7966000084', 'Inesita', 'Inesita Trickey', 'I7rCCofbN1w', '593-974-6478', 'https://robohash.org/etullamquaerat.png?size=50x50&set=set1');
insert into User (id, name, username, password, phone_Number, photo) values ('6070b024fc13ae7966000085', 'Fair', 'Fair Grigoroni', 'LmlKFJOoJ', '683-300-2011', 'https://robohash.org/maximemoditempora.png?size=50x50&set=set1');
insert into User (id, name, username, password, phone_Number, photo) values ('6070b024fc13ae7966000086', 'Jobye', 'Jobye Mitkin', 'ihblJDZWFR', '462-386-4163', 'https://robohash.org/natuscummollitia.png?size=50x50&set=set1');
insert into User (id, name, username, password, phone_Number, photo) values ('6070b024fc13ae7966000087', 'Othilia', 'Othilia Croxton', 'la7iFG0fGxUe', '136-912-1668', 'https://robohash.org/doloremqueillumnon.png?size=50x50&set=set1');
insert into User (id, name, username, password, phone_Number, photo) values ('6070b024fc13ae7966000088', 'Orrin', 'Orrin Quennell', 'tWJ5PjUsl', '379-149-0913', 'https://robohash.org/voluptascorporisrerum.png?size=50x50&set=set1');
insert into User (id, name, username, password, phone_Number, photo) values ('6070b024fc13ae7966000089', 'Jud', 'Jud Delahunty', 'scR7QV3', '941-213-2476', 'https://robohash.org/asperioresbeataequidem.png?size=50x50&set=set1');
insert into User (id, name, username, password, phone_Number, photo) values ('6070b024fc13ae796600008a', 'Cyb', 'Cyb Nafzger', 'Ri5DdxhsYKTP', '898-816-1058', 'https://robohash.org/veromolestiaeest.png?size=50x50&set=set1');
insert into User (id, name, username, password, phone_Number, photo) values ('6070b024fc13ae796600008b', 'Rodrique', 'Rodrique Yarmouth', 'onvdrI4USCk', '147-857-7285', 'https://robohash.org/animiamollitia.png?size=50x50&set=set1');
insert into User (id, name, username, password, phone_Number, photo) values ('6070b024fc13ae796600008c', 'Patin', 'Patin Josefovic', 'Jaf5jvSHQK', '824-990-3810', 'https://robohash.org/evenietasperioreslaudantium.png?size=50x50&set=set1');
insert into User (id, name, username, password, phone_Number, photo) values ('6070b024fc13ae796600008d', 'Taddeusz', 'Taddeusz Tinker', '27edwBGNDupt', '339-859-2147', 'https://robohash.org/rerumtemporedolorem.png?size=50x50&set=set1');
insert into User (id, name, username, password, phone_Number, photo) values ('6070b024fc13ae796600008e', 'Giulia', 'Giulia Meader', 'xqI29bfIPJ', '146-958-4646', 'https://robohash.org/utquibusdamvoluptatem.png?size=50x50&set=set1');
insert into User (id, name, username, password, phone_Number, photo) values ('6070b024fc13ae796600008f', 'Joceline', 'Joceline Bodemeaid', '7mU3rGTQf2k', '835-151-5296', 'https://robohash.org/sititaqueexplicabo.png?size=50x50&set=set1');
insert into User (id, name, username, password, phone_Number, photo) values ('6070b024fc13ae7966000090', 'Kaylyn', 'Kaylyn Prium', 'D1RwaY8ZC', '915-188-8268', 'https://robohash.org/aliquamnullaminus.png?size=50x50&set=set1');
insert into User (id, name, username, password, phone_Number, photo) values ('6070b024fc13ae7966000091', 'Mozelle', 'Mozelle Tidbald', 'vj1lEcP', '745-460-7638', 'https://robohash.org/etetqui.png?size=50x50&set=set1');
insert into User (id, name, username, password, phone_Number, photo) values ('6070b024fc13ae7966000092', 'Rudy', 'Rudy Danbye', 'AaJOUu0N2', '718-471-5642', 'https://robohash.org/delenitifacereculpa.png?size=50x50&set=set1');
insert into User (id, name, username, password, phone_Number, photo) values ('6070b024fc13ae7966000093', 'Benito', 'Benito Manning', 'C02t5Az', '890-496-8813', 'https://robohash.org/eaquelaboriosamest.png?size=50x50&set=set1');
insert into User (id, name, username, password, phone_Number, photo) values ('6070b025fc13ae7966000094', 'Jordon', 'Jordon Dymoke', 'qEwSrIc6A', '806-669-9793', 'https://robohash.org/recusandaequasaspernatur.png?size=50x50&set=set1');
insert into User (id, name, username, password, phone_Number, photo) values ('6070b025fc13ae7966000095', 'Doro', 'Doro Rosberg', 'y8vHTCeW', '303-162-8039', 'https://robohash.org/absintaut.png?size=50x50&set=set1');
insert into User (id, name, username, password, phone_Number, photo) values ('6070b025fc13ae7966000096', 'Hakim', 'Hakim Barnwall', 'qnCiSX', '455-634-5511', 'https://robohash.org/quonatusdistinctio.png?size=50x50&set=set1');
insert into User (id, name, username, password, phone_Number, photo) values ('6070b025fc13ae7966000097', 'Arel', 'Arel Spaducci', 'wI0xt8ahO', '546-569-3738', 'https://robohash.org/eositaqueut.png?size=50x50&set=set1');
insert into User (id, name, username, password, phone_Number, photo) values ('6070b025fc13ae7966000098', 'Ania', 'Ania Cheatle', 'mBzXP80R', '900-359-4873', 'https://robohash.org/fugiatidaliquid.png?size=50x50&set=set1');
insert into User (id, name, username, password, phone_Number, photo) values ('6070b025fc13ae7966000099', 'Lazar', 'Lazar Dagless', 'S8OUCG5LGA', '916-595-5746', 'https://robohash.org/omnisnonautem.png?size=50x50&set=set1');
insert into User (id, name, username, password, phone_Number, photo) values ('6070b025fc13ae796600009a', 'Elke', 'Elke Dutnall', 'gG4lIrg45b', '417-620-7783', 'https://robohash.org/cupiditatemodisint.png?size=50x50&set=set1');
insert into User (id, name, username, password, phone_Number, photo) values ('6070b025fc13ae796600009b', 'Celestyn', 'Celestyn Pasek', 'Psh3Ic', '725-102-2057', 'https://robohash.org/veniameanon.png?size=50x50&set=set1');
insert into User (id, name, username, password, phone_Number, photo) values ('6070b025fc13ae796600009c', 'Estevan', 'Estevan Flohard', 'hinWqF', '712-834-1987', 'https://robohash.org/sedquisquamest.png?size=50x50&set=set1');
insert into User (id, name, username, password, phone_Number, photo) values ('6070b025fc13ae796600009d', 'Imelda', 'Imelda Voller', 'TquJlyCRt', '764-202-4477', 'https://robohash.org/rerumomnisut.png?size=50x50&set=set1');
insert into User (id, name, username, password, phone_Number, photo) values ('6070b025fc13ae796600009e', 'Bethany', 'Bethany Measor', 'bxdMRSDicXc', '136-741-9973', 'https://robohash.org/liberoeligendiexplicabo.png?size=50x50&set=set1');
insert into User (id, name, username, password, phone_Number, photo) values ('6070b025fc13ae796600009f', 'Henri', 'Henri Hammor', 'bT4bdRc', '550-840-7492', 'https://robohash.org/omnislaboreassumenda.png?size=50x50&set=set1');
insert into User (id, name, username, password, phone_Number, photo) values ('6070b025fc13ae79660000a0', 'Sayers', 'Sayers Le Page', '17Y4XY9', '850-957-0176', 'https://robohash.org/voluptatibusassumendaat.png?size=50x50&set=set1');
insert into User (id, name, username, password, phone_Number, photo) values ('6070b025fc13ae79660000a1', 'Cele', 'Cele Well', 'R3BY0pQx', '240-672-0477', 'https://robohash.org/suscipitvoluptateullam.png?size=50x50&set=set1');
insert into User (id, name, username, password, phone_Number, photo) values ('6070b025fc13ae79660000a2', 'Loren', 'Loren Smeuin', 'TZBx2T', '349-579-7569', 'https://robohash.org/quidemevenietveniam.png?size=50x50&set=set1');
insert into User (id, name, username, password, phone_Number, photo) values ('6070b025fc13ae79660000a3', 'Addie', 'Addie Feldman', 'bBgsUX4QYL', '615-661-2350', 'https://robohash.org/nostrumnesciuntblanditiis.png?size=50x50&set=set1');
insert into User (id, name, username, password, phone_Number, photo) values ('6070b025fc13ae79660000a4', 'Vaughn', 'Vaughn Pusey', 'mg4tFXzRZuA', '749-121-3642', 'https://robohash.org/laborumquisquamsit.png?size=50x50&set=set1');
insert into User (id, name, username, password, phone_Number, photo) values ('6070b025fc13ae79660000a5', 'Marion', 'Marion Pighills', 'h26z7ZC5', '273-150-2635', 'https://robohash.org/nostrumdictaassumenda.png?size=50x50&set=set1');
insert into User (id, name, username, password, phone_Number, photo) values ('6070b025fc13ae79660000a6', 'Michaella', 'Michaella Luckman', 'JyEoG3J5sjO', '324-542-4184', 'https://robohash.org/perferendisinquibusdam.png?size=50x50&set=set1');
insert into User (id, name, username, password, phone_Number, photo) values ('6070b025fc13ae79660000a7', 'Vincenz', 'Vincenz Broggelli', 'JpZL35OX8azl', '173-720-4634', 'https://robohash.org/corruptiessequisquam.png?size=50x50&set=set1');
insert into User (id, name, username, password, phone_Number, photo) values ('6070b025fc13ae79660000a8', 'Iolanthe', 'Iolanthe Jurczyk', 'qSDPCQZ', '157-745-4674', 'https://robohash.org/etearumcum.png?size=50x50&set=set1');
insert into User (id, name, username, password, phone_Number, photo) values ('6070b025fc13ae79660000a9', 'Geri', 'Geri Ary', 'My3UG9', '340-625-0222', 'https://robohash.org/sitdolorumaccusantium.png?size=50x50&set=set1');
insert into User (id, name, username, password, phone_Number, photo) values ('6070b025fc13ae79660000aa', 'Traci', 'Traci Edgell', 'A5s9zC4', '161-878-1184', 'https://robohash.org/etdelenitiquo.png?size=50x50&set=set1');
insert into User (id, name, username, password, phone_Number, photo) values ('6070b025fc13ae79660000ab', 'Moyna', 'Moyna Prazer', 'gxhsJ8QbMQ', '478-952-9642', 'https://robohash.org/temporibusminusblanditiis.png?size=50x50&set=set1');
insert into User (id, name, username, password, phone_Number, photo) values ('6070b025fc13ae79660000ac', 'Star', 'Star Phythien', 'lYrD6bNhXZx', '597-737-3217', 'https://robohash.org/aperiamquasnumquam.png?size=50x50&set=set1');
insert into User (id, name, username, password, phone_Number, photo) values ('6070b025fc13ae79660000ad', 'Gene', 'Gene Greson', 'GOExpZ4KltZx', '337-302-4110', 'https://robohash.org/corruptienimfacere.png?size=50x50&set=set1');
insert into User (id, name, username, password, phone_Number, photo) values ('6070b025fc13ae79660000ae', 'Morgen', 'Morgen Innett', 'XAIXE5V', '749-548-8890', 'https://robohash.org/etminusquo.png?size=50x50&set=set1');
insert into User (id, name, username, password, phone_Number, photo) values ('6070b025fc13ae79660000af', 'Lilia', 'Lilia Dolligon', 'WUVZt2W7GjM2', '609-172-5881', 'https://robohash.org/nonvoluptastotam.png?size=50x50&set=set1');
insert into User (id, name, username, password, phone_Number, photo) values ('6070b025fc13ae79660000b0', 'Freda', 'Freda Bracco', 'LphRdgK', '816-243-6647', 'https://robohash.org/facereestdebitis.png?size=50x50&set=set1');
insert into User (id, name, username, password, phone_Number, photo) values ('6070b025fc13ae79660000b1', 'Donella', 'Donella Middas', 'A1YMeaLz3Y3', '549-590-3928', 'https://robohash.org/inventoreineligendi.png?size=50x50&set=set1');
insert into User (id, name, username, password, phone_Number, photo) values ('6070b025fc13ae79660000b2', 'Ailene', 'Ailene Spoward', 'Y8u8af', '103-296-4840', 'https://robohash.org/beataequiautem.png?size=50x50&set=set1');
insert into User (id, name, username, password, phone_Number, photo) values ('6070b025fc13ae79660000b3', 'Addie', 'Addie McAreavey', 'nxW4jS1', '922-177-5868', 'https://robohash.org/sitveritatiseum.png?size=50x50&set=set1');
insert into User (id, name, username, password, phone_Number, photo) values ('6070b025fc13ae79660000b4', 'Cyrill', 'Cyrill Worsalls', 'XxfiJCjxn', '957-653-2203', 'https://robohash.org/enimautemaut.png?size=50x50&set=set1');
insert into User (id, name, username, password, phone_Number, photo) values ('6070b025fc13ae79660000b5', 'Victor', 'Victor Casserly', 'iGjIF0Bn', '522-884-3480', 'https://robohash.org/officiahicquis.png?size=50x50&set=set1');
insert into User (id, name, username, password, phone_Number, photo) values ('6070b025fc13ae79660000b6', 'Suzie', 'Suzie Piechnik', 'u0hOt4yoKVH', '407-403-6735', 'https://robohash.org/etexplicabofuga.png?size=50x50&set=set1');
insert into User (id, name, username, password, phone_Number, photo) values ('6070b025fc13ae79660000b7', 'Lurline', 'Lurline Attewill', 'ZzbAhwV', '857-965-9925', 'https://robohash.org/avitaenumquam.png?size=50x50&set=set1');
insert into User (id, name, username, password, phone_Number, photo) values ('6070b025fc13ae79660000b8', 'Darline', 'Darline Fowlie', 'SUcF2CMpI', '414-632-3220', 'https://robohash.org/debitistemporeblanditiis.png?size=50x50&set=set1');
insert into User (id, name, username, password, phone_Number, photo) values ('6070b025fc13ae79660000b9', 'Sibyl', 'Sibyl Carass', 'u4RjEsCyx8Y', '528-721-7793', 'https://robohash.org/estaccusantiumconsequatur.png?size=50x50&set=set1');
insert into User (id, name, username, password, phone_Number, photo) values ('6070b025fc13ae79660000ba', 'Pammy', 'Pammy Dingsdale', 'LiKeQDn91c8', '686-753-4028', 'https://robohash.org/asperioresetanimi.png?size=50x50&set=set1');
insert into User (id, name, username, password, phone_Number, photo) values ('6070b025fc13ae79660000bb', 'Kipp', 'Kipp Maeer', 'UY70lX', '820-568-9485', 'https://robohash.org/reiciendisdoloresconsequatur.png?size=50x50&set=set1');
insert into User (id, name, username, password, phone_Number, photo) values ('6070b025fc13ae79660000bc', 'Belva', 'Belva Haryngton', 'JwwWAlDwI37', '146-346-0209', 'https://robohash.org/harumnumquamperspiciatis.png?size=50x50&set=set1');
insert into User (id, name, username, password, phone_Number, photo) values ('6070b025fc13ae79660000bd', 'Eric', 'Eric Deas', 'ioOxXIn9ploU', '530-412-1752', 'https://robohash.org/utautdelectus.png?size=50x50&set=set1');

insert into Groups (id, name, icon, last_Settle_Up, created_At) values ('6070b43dfc13ae798d00097e', 'Kerluke, Lindgren and Skiles', 'http://dummyimage.com/50x50.png/5fa2dd/ffffff', '1589059829000', '1591947445000');
insert into Groups (id, name, icon, last_Settle_Up, created_At) values ('6070b43dfc13ae798d00097f', 'Cassin Group', 'http://dummyimage.com/50x50.png/dddddd/000000', '1594273316000', '1591319452000');
insert into Groups (id, name, icon, last_Settle_Up, created_At) values ('6070b43dfc13ae798d000980', 'Rath-Brekke', 'http://dummyimage.com/50x50.png/dddddd/000000', '1606286405000', '1592527185000');
insert into Groups (id, name, icon, last_Settle_Up, created_At) values ('6070b43dfc13ae798d000981', 'Tillman, Hermiston and Schamberger', 'http://dummyimage.com/50x50.png/5fa2dd/ffffff', '1614960093000', '1615974928000');
insert into Groups (id, name, icon, last_Settle_Up, created_At) values ('6070b43dfc13ae798d000982', 'Stamm and Sons', 'http://dummyimage.com/50x50.png/5fa2dd/ffffff', '1597097599000', '1593750848000');
insert into Groups (id, name, icon, last_Settle_Up, created_At) values ('6070b43dfc13ae798d000983', 'Turcotte, Cruickshank and Schoen', 'http://dummyimage.com/50x50.png/ff4444/ffffff', '1613938864000', '1590669755000');
insert into Groups (id, name, icon, last_Settle_Up, created_At) values ('6070b43dfc13ae798d000984', 'Deckow, Wiza and Purdy', 'http://dummyimage.com/50x50.png/5fa2dd/ffffff', '1594664971000', '1612850291000');
insert into Groups (id, name, icon, last_Settle_Up, created_At) values ('6070b43dfc13ae798d000985', 'Funk-Towne', 'http://dummyimage.com/50x50.png/ff4444/ffffff', '1598180724000', '1595332031000');
insert into Groups (id, name, icon, last_Settle_Up, created_At) values ('6070b43dfc13ae798d000986', 'Mertz Group', 'http://dummyimage.com/50x50.png/5fa2dd/ffffff', '1610342163000', '1607210076000');
insert into Groups (id, name, icon, last_Settle_Up, created_At) values ('6070b43dfc13ae798d000987', 'Kiehn Group', 'http://dummyimage.com/50x50.png/ff4444/ffffff', '1602117227000', '1612711595000');
insert into Groups (id, name, icon, last_Settle_Up, created_At) values ('6070b43dfc13ae798d000988', 'Koch, Abbott and Kuhic', 'http://dummyimage.com/50x50.png/cc0000/ffffff', '1609045135000', '1594857794000');
insert into Groups (id, name, icon, last_Settle_Up, created_At) values ('6070b43dfc13ae798d000989', 'Gutkowski, Emard and Marquardt', 'http://dummyimage.com/50x50.png/dddddd/000000', '1592988806000', '1608583480000');
insert into Groups (id, name, icon, last_Settle_Up, created_At) values ('6070b43dfc13ae798d00098a', 'Orn Group', 'http://dummyimage.com/50x50.png/ff4444/ffffff', '1593718845000', '1596965706000');
insert into Groups (id, name, icon, last_Settle_Up, created_At) values ('6070b43dfc13ae798d00098b', 'Bergnaum-Fahey', 'http://dummyimage.com/50x50.png/cc0000/ffffff', '1610403638000', '1592109338000');
insert into Groups (id, name, icon, last_Settle_Up, created_At) values ('6070b43dfc13ae798d00098c', 'McCullough Group', 'http://dummyimage.com/50x50.png/cc0000/ffffff', '1596660679000', '1603180659000');
insert into Groups (id, name, icon, last_Settle_Up, created_At) values ('6070b43dfc13ae798d00098d', 'Zemlak, Bogisich and Kuvalis', 'http://dummyimage.com/50x50.png/ff4444/ffffff', '1587259457000', '1603922681000');
insert into Groups (id, name, icon, last_Settle_Up, created_At) values ('6070b43dfc13ae798d00098e', 'Morar-Anderson', 'http://dummyimage.com/50x50.png/5fa2dd/ffffff', '1608506865000', '1617481725000');
insert into Groups (id, name, icon, last_Settle_Up, created_At) values ('6070b43dfc13ae798d00098f', 'Corkery, King and Hodkiewicz', 'http://dummyimage.com/50x50.png/dddddd/000000', '1590029560000', '1611626920000');
insert into Groups (id, name, icon, last_Settle_Up, created_At) values ('6070b43dfc13ae798d000990', 'Kerluke Inc', 'http://dummyimage.com/50x50.png/5fa2dd/ffffff', '1602461739000', '1609893393000');
insert into Groups (id, name, icon, last_Settle_Up, created_At) values ('6070b43dfc13ae798d000991', 'Gleason and Sons', 'http://dummyimage.com/50x50.png/dddddd/000000', '1605796238000', '1607841402000');


insert into User_Groups (user_id, group_id) values ('6070b024fc13ae796600005a', '6070b43dfc13ae798d00097e');
insert into User_Groups (user_id, group_id) values ('6070b024fc13ae796600005a', '6070b43dfc13ae798d00097f');
insert into User_Groups (user_id, group_id) values ('6070b024fc13ae796600005a', '6070b43dfc13ae798d000980');
insert into User_Groups (user_id, group_id) values ('6070b024fc13ae796600005a', '6070b43dfc13ae798d000981');
insert into User_Groups (user_id, group_id) values ('6070b024fc13ae796600005a', '6070b43dfc13ae798d000982');

insert into User_Groups (user_id, group_id) values ('6070b024fc13ae796600005b', '6070b43dfc13ae798d00097e');
insert into User_Groups (user_id, group_id) values ('6070b024fc13ae796600005b', '6070b43dfc13ae798d00097f');
insert into User_Groups (user_id, group_id) values ('6070b024fc13ae796600005b', '6070b43dfc13ae798d000980');
insert into User_Groups (user_id, group_id) values ('6070b024fc13ae796600005b', '6070b43dfc13ae798d000981');
insert into User_Groups (user_id, group_id) values ('6070b024fc13ae796600005b', '6070b43dfc13ae798d000982');

insert into User_Groups (user_id, group_id) values ('6070b025fc13ae79660000bd', '6070b43dfc13ae798d00097e');
insert into User_Groups (user_id, group_id) values ('6070b025fc13ae79660000bc', '6070b43dfc13ae798d00097f');
insert into User_Groups (user_id, group_id) values ('6070b025fc13ae79660000ba', '6070b43dfc13ae798d000980');
insert into User_Groups (user_id, group_id) values ('6070b025fc13ae79660000aa', '6070b43dfc13ae798d000981');
insert into User_Groups (user_id, group_id) values ('6070b024fc13ae7966000091', '6070b43dfc13ae798d000982');



insert into Transactions (id, title, description, amount, user_id, group_id, created_At) values ('6074c931fc13ae30de0015e6', 'Cheese - Grana Padano', null, 74.71, '6070b024fc13ae796600005a', '6070b43dfc13ae798d00097f', '1616407200000');
insert into Transactions (id, title, description, amount, user_id, group_id, created_At) values ('6074c931fc13ae30de0015e7', 'Cheese Cheddar Processed', 'Sed accumsan felis.', 83.02, '6070b024fc13ae796600005b', '6070b43dfc13ae798d00097f', '1591022050000');
insert into Transactions (id, title, description, amount, user_id, group_id, created_At) values ('6074c931fc13ae30de0015e8', 'Beef Ground Medium', null, 62.9, '6070b024fc13ae796600005b', '6070b43dfc13ae798d00097e', '1591679697000');
insert into Transactions (id, title, description, amount, user_id, group_id, created_At) values ('6074c931fc13ae30de0015e9', 'Bread - White, Sliced', null, 17.13, '6070b024fc13ae796600005a', '6070b43dfc13ae798d00097e', '1611054556000');
insert into Transactions (id, title, description, amount, user_id, group_id, created_At) values ('6074c931fc13ae30de0015ea', 'Zucchini - Yellow', 'Vestibulum ante ipsum primis in faucibus orci luctus et ultrices posuere cubilia Curae; Nulla dapibus dolor vel est. Donec odio justo, sollicitudin ut, suscipit a, feugiat et, eros.', 16.95, '6070b024fc13ae796600005a', '6070b43dfc13ae798d00097f', '1591066645000');
insert into Transactions (id, title, description, amount, user_id, group_id, created_At) values ('6074c931fc13ae30de0015eb', 'Pork - Side Ribs', null, 23.09, '6070b024fc13ae796600005b', '6070b43dfc13ae798d00097e', '1592220226000');
insert into Transactions (id, title, description, amount, user_id, group_id, created_At) values ('6074c931fc13ae30de0015ec', 'Ice Cream - Super Sandwich', 'Maecenas pulvinar lobortis est.', 79.62, '6070b024fc13ae796600005a', '6070b43dfc13ae798d00097f', '1590382394000');
insert into Transactions (id, title, description, amount, user_id, group_id, created_At) values ('6074c931fc13ae30de0015ed', 'Strawberries - California', null, 62.98, '6070b024fc13ae796600005b', '6070b43dfc13ae798d00097f', '1600461569000');
insert into Transactions (id, title, description, amount, user_id, group_id, created_At) values ('6074c931fc13ae30de0015ee', 'Macaroons - Two Bite Choc', null, 24.74, '6070b024fc13ae796600005b', '6070b43dfc13ae798d00097f', '1607056279000');
insert into Transactions (id, title, description, amount, user_id, group_id, created_At) values ('6074c931fc13ae30de0015ef', 'Cucumber - Pickling Ontario', 'Pellentesque eget nunc.', 28.01, '6070b024fc13ae796600005a', '6070b43dfc13ae798d00097e', '1588220906000');
insert into Transactions (id, title, description, amount, user_id, group_id, created_At) values ('6074c931fc13ae30de0015f0', 'Melon - Watermelon Yellow', null, 51.68, '6070b024fc13ae796600005a', '6070b43dfc13ae798d00097e', '1616604444000');
insert into Transactions (id, title, description, amount, user_id, group_id, created_At) values ('6074c931fc13ae30de0015f1', 'Cheese - Manchego, Spanish', 'Praesent lectus. Vestibulum quam sapien, varius ut, blandit non, interdum in, ante. Vestibulum ante ipsum primis in faucibus orci luctus et ultrices posuere cubilia Curae; Duis faucibus accumsan odio.', 8.19, '6070b024fc13ae796600005a', '6070b43dfc13ae798d00097f', '1604776111000');
insert into Transactions (id, title, description, amount, user_id, group_id, created_At) values ('6074c931fc13ae30de0015f2', 'Thyme - Fresh', null, 88.52, '6070b024fc13ae796600005b', '6070b43dfc13ae798d00097f', '1598837967000');
insert into Transactions (id, title, description, amount, user_id, group_id, created_At) values ('6074c931fc13ae30de0015f3', 'Salt - Celery', null, 46.3, '6070b024fc13ae796600005b', '6070b43dfc13ae798d00097f', '1596066169000');
insert into Transactions (id, title, description, amount, user_id, group_id, created_At) values ('6074c931fc13ae30de0015f4', 'Cookie Dough - Double', 'Etiam vel augue.', 48.11, '6070b024fc13ae796600005a', '6070b43dfc13ae798d00097e', '1610930976000');
insert into Transactions (id, title, description, amount, user_id, group_id, created_At) values ('6074c931fc13ae30de0015f5', 'Rum - Mount Gay Eclipes', null, 87.54, '6070b024fc13ae796600005b', '6070b43dfc13ae798d00097e', '1590752890000');
insert into Transactions (id, title, description, amount, user_id, group_id, created_At) values ('6074c931fc13ae30de0015f6', 'Wine - Red, Metus Rose', null, 7.41, '6070b024fc13ae796600005b', '6070b43dfc13ae798d00097f', '1589988391000');
insert into Transactions (id, title, description, amount, user_id, group_id, created_At) values ('6074c931fc13ae30de0015f7', 'Flour - Corn, Fine', null, 24.49, '6070b024fc13ae796600005b', '6070b43dfc13ae798d00097f', '1600062100000');
insert into Transactions (id, title, description, amount, user_id, group_id, created_At) values ('6074c931fc13ae30de0015f8', 'Oil - Food, Lacquer Spray', null, 97.59, '6070b024fc13ae796600005a', '6070b43dfc13ae798d00097f', '1589101100000');
insert into Transactions (id, title, description, amount, user_id, group_id, created_At) values ('6074c931fc13ae30de0015f9', 'Beans - Long, Chinese', null, 50.82, '6070b024fc13ae796600005a', '6070b43dfc13ae798d00097e', '1611063101000');
insert into Transactions (id, title, description, amount, user_id, group_id, created_At) values ('6074c931fc13ae30de0015fa', 'Ecolab - Mikroklene 4/4 L', null, 44.06, '6070b024fc13ae796600005b', '6070b43dfc13ae798d00097f', '1606919012000');
insert into Transactions (id, title, description, amount, user_id, group_id, created_At) values ('6074c931fc13ae30de0015fb', 'Soup - Campbells Tomato Ravioli', 'Sed accumsan felis. Ut at dolor quis odio consequat varius. Integer ac leo.', 96.74, '6070b024fc13ae796600005a', '6070b43dfc13ae798d00097f', '1616251852000');
insert into Transactions (id, title, description, amount, user_id, group_id, created_At) values ('6074c931fc13ae30de0015fc', 'Appetizer - Chicken Satay', null, 60.83, '6070b024fc13ae796600005a', '6070b43dfc13ae798d00097f', '1607926666000');
insert into Transactions (id, title, description, amount, user_id, group_id, created_At) values ('6074c931fc13ae30de0015fd', 'Pepper - Green Thai', 'Nunc rhoncus dui vel sem.', 11.78, '6070b024fc13ae796600005a', '6070b43dfc13ae798d00097e', '1597778163000');
insert into Transactions (id, title, description, amount, user_id, group_id, created_At) values ('6074c931fc13ae30de0015fe', 'Beets - Candy Cane, Organic', null, 89.41, '6070b024fc13ae796600005b', '6070b43dfc13ae798d00097f', '1595086723000');
insert into Transactions (id, title, description, amount, user_id, group_id, created_At) values ('6074c931fc13ae30de0015ff', 'Blueberries - Frozen', 'Proin risus. Praesent lectus. Vestibulum quam sapien, varius ut, blandit non, interdum in, ante.', 61.6, '6070b024fc13ae796600005a', '6070b43dfc13ae798d00097f', '1600430549000');
insert into Transactions (id, title, description, amount, user_id, group_id, created_At) values ('6074c931fc13ae30de001600', 'Soup - French Onion', 'Vivamus tortor.', 94.13, '6070b024fc13ae796600005a', '6070b43dfc13ae798d00097e', '1616064503000');
insert into Transactions (id, title, description, amount, user_id, group_id, created_At) values ('6074c931fc13ae30de001601', 'Mushroom - Morels, Dry', null, 27.76, '6070b024fc13ae796600005b', '6070b43dfc13ae798d00097f', '1616183869000');
insert into Transactions (id, title, description, amount, user_id, group_id, created_At) values ('6074c931fc13ae30de001602', 'Cup - Translucent 7 Oz Clear', null, 40.51, '6070b024fc13ae796600005b', '6070b43dfc13ae798d00097f', '1616335736000');
insert into Transactions (id, title, description, amount, user_id, group_id, created_At) values ('6074c931fc13ae30de001603', 'Brandy Apricot', null, 88.26, '6070b024fc13ae796600005b', '6070b43dfc13ae798d00097f', '1591208720000');
insert into Transactions (id, title, description, amount, user_id, group_id, created_At) values ('6074c931fc13ae30de001604', 'Pasta - Fusili, Dry', null, 84.77, '6070b024fc13ae796600005a', '6070b43dfc13ae798d00097f', '1600312737000');
insert into Transactions (id, title, description, amount, user_id, group_id, created_At) values ('6074c931fc13ae30de001605', 'Muffin - Mix - Mango Sour Cherry', null, 3.53, '6070b024fc13ae796600005a', '6070b43dfc13ae798d00097e', '1605273883000');
insert into Transactions (id, title, description, amount, user_id, group_id, created_At) values ('6074c931fc13ae30de001606', 'Pea - Snow', null, 48.08, '6070b024fc13ae796600005b', '6070b43dfc13ae798d00097f', '1588896618000');
insert into Transactions (id, title, description, amount, user_id, group_id, created_At) values ('6074c931fc13ae30de001607', 'Nacho Chips', null, 14.67, '6070b024fc13ae796600005a', '6070b43dfc13ae798d00097f', '1616294274000');
insert into Transactions (id, title, description, amount, user_id, group_id, created_At) values ('6074c931fc13ae30de001608', 'Doilies - 8, Paper', null, 4.61, '6070b024fc13ae796600005b', '6070b43dfc13ae798d00097f', '1588977636000');
insert into Transactions (id, title, description, amount, user_id, group_id, created_At) values ('6074c931fc13ae30de001609', 'Tofu - Soft', 'Cras mi pede, malesuada in, imperdiet et, commodo vulputate, justo. In blandit ultrices enim. Lorem ipsum dolor sit amet, consectetuer adipiscing elit.', 79.62, '6070b024fc13ae796600005a', '6070b43dfc13ae798d00097f', '1588777317000');
insert into Transactions (id, title, description, amount, user_id, group_id, created_At) values ('6074c931fc13ae30de00160a', 'Lemon Tarts', null, 12.02, '6070b024fc13ae796600005b', '6070b43dfc13ae798d00097f', '1618041679000');
insert into Transactions (id, title, description, amount, user_id, group_id, created_At) values ('6074c931fc13ae30de00160b', 'Carbonated Water - Cherry', 'Vestibulum ante ipsum primis in faucibus orci luctus et ultrices posuere cubilia Curae; Mauris viverra diam vitae quam. Suspendisse potenti.', 47.02, '6070b024fc13ae796600005a', '6070b43dfc13ae798d00097f', '1587677838000');
insert into Transactions (id, title, description, amount, user_id, group_id, created_At) values ('6074c931fc13ae30de00160c', 'Cleaner - Lime Away', 'In eleifend quam a odio. In hac habitasse platea dictumst. Maecenas ut massa quis augue luctus tincidunt.', 3.86, '6070b024fc13ae796600005a', '6070b43dfc13ae798d00097f', '1606898919000');
insert into Transactions (id, title, description, amount, user_id, group_id, created_At) values ('6074c931fc13ae30de00160d', 'Dc - Sakura Fu', null, 45.84, '6070b024fc13ae796600005b', '6070b43dfc13ae798d00097e', '1600395868000');
insert into Transactions (id, title, description, amount, user_id, group_id, created_At) values ('6074c931fc13ae30de00160e', 'Chicken Breast Wing On', 'Lorem ipsum dolor sit amet, consectetuer adipiscing elit. Proin interdum mauris non ligula pellentesque ultrices.', 6.01, '6070b024fc13ae796600005a', '6070b43dfc13ae798d00097e', '1615402095000');
insert into Transactions (id, title, description, amount, user_id, group_id, created_At) values ('6074c931fc13ae30de00160f', 'Butter - Salted', null, 88.78, '6070b024fc13ae796600005a', '6070b43dfc13ae798d00097f', '1601235608000');
insert into Transactions (id, title, description, amount, user_id, group_id, created_At) values ('6074c931fc13ae30de001610', 'Red Currant Jelly', null, 69.09, '6070b024fc13ae796600005a', '6070b43dfc13ae798d00097f', '1596403492000');
insert into Transactions (id, title, description, amount, user_id, group_id, created_At) values ('6074c931fc13ae30de001611', 'Dill Weed - Fresh', 'Vestibulum rutrum rutrum neque. Aenean auctor gravida sem.', 26.38, '6070b024fc13ae796600005a', '6070b43dfc13ae798d00097f', '1594624533000');
insert into Transactions (id, title, description, amount, user_id, group_id, created_At) values ('6074c931fc13ae30de001612', 'Beef - Rib Roast, Capless', 'Suspendisse potenti.', 53.03, '6070b024fc13ae796600005b', '6070b43dfc13ae798d00097f', '1599628337000');
insert into Transactions (id, title, description, amount, user_id, group_id, created_At) values ('6074c931fc13ae30de001613', 'Crab - Claws, Snow 16 - 24', 'Morbi porttitor lorem id ligula.', 31.24, '6070b024fc13ae796600005b', '6070b43dfc13ae798d00097f', '1603349852000');
insert into Transactions (id, title, description, amount, user_id, group_id, created_At) values ('6074c931fc13ae30de001614', 'Beer - Labatt Blue', 'Suspendisse potenti. In eleifend quam a odio. In hac habitasse platea dictumst.', 2.68, '6070b024fc13ae796600005a', '6070b43dfc13ae798d00097f', '1602129973000');
insert into Transactions (id, title, description, amount, user_id, group_id, created_At) values ('6074c931fc13ae30de001615', 'Lobster - Base', 'In eleifend quam a odio. In hac habitasse platea dictumst. Maecenas ut massa quis augue luctus tincidunt.', 43.55, '6070b024fc13ae796600005a', '6070b43dfc13ae798d00097f', '1587757144000');
insert into Transactions (id, title, description, amount, user_id, group_id, created_At) values ('6074c931fc13ae30de001616', 'Squash - Guords', 'Vestibulum rutrum rutrum neque. Aenean auctor gravida sem.', 86.39, '6070b024fc13ae796600005a', '6070b43dfc13ae798d00097f', '1601105193000');
insert into Transactions (id, title, description, amount, user_id, group_id, created_At) values ('6074c931fc13ae30de001617', 'Pork - Bacon, Double Smoked', 'Nulla nisl. Nunc nisl. Duis bibendum, felis sed interdum venenatis, turpis enim blandit mi, in porttitor pede justo eu massa.', 47.41, '6070b024fc13ae796600005a', '6070b43dfc13ae798d00097f', '1594945348000');
insert into Transactions (id, title, description, amount, user_id, group_id, created_At) values ('6074c931fc13ae30de001618', 'Jicama', null, 19.36, '6070b024fc13ae796600005a', '6070b43dfc13ae798d00097f', '1611043695000');
insert into Transactions (id, title, description, amount, user_id, group_id, created_At) values ('6074c931fc13ae30de001619', 'Veal - Shank, Pieces', null, 43.13, '6070b024fc13ae796600005b', '6070b43dfc13ae798d00097e', '1615871527000');
insert into Transactions (id, title, description, amount, user_id, group_id, created_At) values ('6074c931fc13ae30de00161a', 'Veal - Leg, Provimi - 50 Lb Max', 'Vivamus vestibulum sagittis sapien. Cum sociis natoque penatibus et magnis dis parturient montes, nascetur ridiculus mus. Etiam vel augue.', 49.04, '6070b024fc13ae796600005a', '6070b43dfc13ae798d00097f', '1613123684000');
insert into Transactions (id, title, description, amount, user_id, group_id, created_At) values ('6074c931fc13ae30de00161b', 'Cup - 4oz Translucent', 'Morbi odio odio, elementum eu, interdum eu, tincidunt in, leo. Maecenas pulvinar lobortis est.', 59.6, '6070b024fc13ae796600005a', '6070b43dfc13ae798d00097e', '1599354975000');
insert into Transactions (id, title, description, amount, user_id, group_id, created_At) values ('6074c931fc13ae30de00161c', 'Crackers - Trio', null, 56.93, '6070b024fc13ae796600005b', '6070b43dfc13ae798d00097f', '1604060230000');
insert into Transactions (id, title, description, amount, user_id, group_id, created_At) values ('6074c931fc13ae30de00161d', 'Vodka - Moskovskaya', null, 77.09, '6070b024fc13ae796600005b', '6070b43dfc13ae798d00097e', '1600283186000');
insert into Transactions (id, title, description, amount, user_id, group_id, created_At) values ('6074c931fc13ae30de00161e', 'Cookie Chocolate Chip With', null, 99.94, '6070b024fc13ae796600005a', '6070b43dfc13ae798d00097e', '1615129577000');
insert into Transactions (id, title, description, amount, user_id, group_id, created_At) values ('6074c931fc13ae30de00161f', 'Duck - Breast', null, 5.0, '6070b024fc13ae796600005a', '6070b43dfc13ae798d00097e', '1601433227000');
insert into Transactions (id, title, description, amount, user_id, group_id, created_At) values ('6074c931fc13ae30de001620', 'Pail For Lid 1537', null, 45.54, '6070b024fc13ae796600005b', '6070b43dfc13ae798d00097f', '1617391863000');
insert into Transactions (id, title, description, amount, user_id, group_id, created_At) values ('6074c931fc13ae30de001621', 'Beer - Mcauslan Apricot', 'Mauris ullamcorper purus sit amet nulla. Quisque arcu libero, rutrum ac, lobortis vel, dapibus at, diam. Nam tristique tortor eu pede.', 25.85, '6070b024fc13ae796600005a', '6070b43dfc13ae798d00097e', '1608316959000');
insert into Transactions (id, title, description, amount, user_id, group_id, created_At) values ('6074c931fc13ae30de001622', 'Soup - Campbells - Chicken Noodle', 'Mauris enim leo, rhoncus sed, vestibulum sit amet, cursus id, turpis. Integer aliquet, massa id lobortis convallis, tortor risus dapibus augue, vel accumsan tellus nisi eu orci. Mauris lacinia sapien quis libero.', 60.05, '6070b024fc13ae796600005a', '6070b43dfc13ae798d00097f', '1603884300000');
insert into Transactions (id, title, description, amount, user_id, group_id, created_At) values ('6074c931fc13ae30de001623', 'Southern Comfort', 'Pellentesque at nulla. Suspendisse potenti. Cras in purus eu magna vulputate luctus.', 58.64, '6070b024fc13ae796600005a', '6070b43dfc13ae798d00097f', '1606990571000');
insert into Transactions (id, title, description, amount, user_id, group_id, created_At) values ('6074c931fc13ae30de001624', 'Tendrils - Baby Pea, Organic', 'Etiam justo.', 27.03, '6070b024fc13ae796600005b', '6070b43dfc13ae798d00097e', '1615746794000');
insert into Transactions (id, title, description, amount, user_id, group_id, created_At) values ('6074c931fc13ae30de001625', 'Beef - Bones, Marrow', 'Nam ultrices, libero non mattis pulvinar, nulla pede ullamcorper augue, a suscipit nulla elit ac nulla.', 88.23, '6070b024fc13ae796600005a', '6070b43dfc13ae798d00097e', '1603062382000');
insert into Transactions (id, title, description, amount, user_id, group_id, created_At) values ('6074c931fc13ae30de001626', 'Bread - Multigrain', null, 48.64, '6070b024fc13ae796600005a', '6070b43dfc13ae798d00097e', '1616992082000');
insert into Transactions (id, title, description, amount, user_id, group_id, created_At) values ('6074c931fc13ae30de001627', 'Brocolinni - Gaylan, Chinese', null, 85.96, '6070b024fc13ae796600005b', '6070b43dfc13ae798d00097f', '1612028693000');
insert into Transactions (id, title, description, amount, user_id, group_id, created_At) values ('6074c931fc13ae30de001628', 'Water - Green Tea Refresher', 'Nulla ac enim. In tempor, turpis nec euismod scelerisque, quam turpis adipiscing lorem, vitae mattis nibh ligula nec sem. Duis aliquam convallis nunc.', 79.37, '6070b024fc13ae796600005a', '6070b43dfc13ae798d00097f', '1592133764000');
insert into Transactions (id, title, description, amount, user_id, group_id, created_At) values ('6074c931fc13ae30de001629', 'Beans - Kidney White', 'Vivamus vestibulum sagittis sapien. Cum sociis natoque penatibus et magnis dis parturient montes, nascetur ridiculus mus.', 92.01, '6070b024fc13ae796600005a', '6070b43dfc13ae798d00097f', '1612341671000');
insert into Transactions (id, title, description, amount, user_id, group_id, created_At) values ('6074c931fc13ae30de00162a', 'Wine - Magnotta - Red, Baco', null, 62.09, '6070b024fc13ae796600005b', '6070b43dfc13ae798d00097f', '1617658767000');
insert into Transactions (id, title, description, amount, user_id, group_id, created_At) values ('6074c931fc13ae30de00162b', 'Berry Brulee', null, 38.81, '6070b024fc13ae796600005a', '6070b43dfc13ae798d00097f', '1616706323000');
insert into Transactions (id, title, description, amount, user_id, group_id, created_At) values ('6074c931fc13ae30de00162c', 'Cheese - Roquefort Pappillon', null, 32.38, '6070b024fc13ae796600005b', '6070b43dfc13ae798d00097f', '1601184818000');
insert into Transactions (id, title, description, amount, user_id, group_id, created_At) values ('6074c931fc13ae30de00162d', 'Wine - Semi Dry Riesling Vineland', null, 55.43, '6070b024fc13ae796600005b', '6070b43dfc13ae798d00097f', '1600774571000');
insert into Transactions (id, title, description, amount, user_id, group_id, created_At) values ('6074c931fc13ae30de00162e', 'Yogurt - Blueberry, 175 Gr', null, 61.61, '6070b024fc13ae796600005a', '6070b43dfc13ae798d00097f', '1586706407000');
insert into Transactions (id, title, description, amount, user_id, group_id, created_At) values ('6074c931fc13ae30de00162f', 'Flower - Commercial Bronze', 'Nulla nisl. Nunc nisl.', 1.2, '6070b024fc13ae796600005a', '6070b43dfc13ae798d00097f', '1602674614000');
insert into Transactions (id, title, description, amount, user_id, group_id, created_At) values ('6074c931fc13ae30de001630', 'Appetizer - Crab And Brie', null, 64.25, '6070b024fc13ae796600005b', '6070b43dfc13ae798d00097f', '1600564983000');
insert into Transactions (id, title, description, amount, user_id, group_id, created_At) values ('6074c931fc13ae30de001631', 'Beans - Fine', null, 86.4, '6070b024fc13ae796600005a', '6070b43dfc13ae798d00097f', '1591061750000');
insert into Transactions (id, title, description, amount, user_id, group_id, created_At) values ('6074c931fc13ae30de001632', 'Bread - Rye', null, 72.39, '6070b024fc13ae796600005b', '6070b43dfc13ae798d00097f', '1594854596000');
insert into Transactions (id, title, description, amount, user_id, group_id, created_At) values ('6074c931fc13ae30de001633', 'Pike - Frozen Fillet', 'Praesent blandit.', 88.49, '6070b024fc13ae796600005b', '6070b43dfc13ae798d00097f', '1592109645000');
insert into Transactions (id, title, description, amount, user_id, group_id, created_At) values ('6074c931fc13ae30de001634', 'Muffin Batt - Blueberry Passion', 'Donec dapibus. Duis at velit eu est congue elementum. In hac habitasse platea dictumst.', 96.75, '6070b024fc13ae796600005a', '6070b43dfc13ae798d00097f', '1607505297000');
insert into Transactions (id, title, description, amount, user_id, group_id, created_At) values ('6074c931fc13ae30de001635', 'Shrimp - Black Tiger 16/20', null, 69.31, '6070b024fc13ae796600005b', '6070b43dfc13ae798d00097e', '1616140710000');
insert into Transactions (id, title, description, amount, user_id, group_id, created_At) values ('6074c931fc13ae30de001636', 'Banana - Green', null, 56.79, '6070b024fc13ae796600005b', '6070b43dfc13ae798d00097f', '1607116988000');
insert into Transactions (id, title, description, amount, user_id, group_id, created_At) values ('6074c931fc13ae30de001637', 'Sauce - Oyster', 'Integer pede justo, lacinia eget, tincidunt eget, tempus vel, pede. Morbi porttitor lorem id ligula. Suspendisse ornare consequat lectus.', 24.38, '6070b024fc13ae796600005a', '6070b43dfc13ae798d00097e', '1597411130000');
insert into Transactions (id, title, description, amount, user_id, group_id, created_At) values ('6074c931fc13ae30de001638', 'Sole - Iqf', 'Vestibulum ac est lacinia nisi venenatis tristique. Fusce congue, diam id ornare imperdiet, sapien urna pretium nisl, ut volutpat sapien arcu sed augue. Aliquam erat volutpat.', 74.01, '6070b024fc13ae796600005a', '6070b43dfc13ae798d00097e', '1614062056000');
insert into Transactions (id, title, description, amount, user_id, group_id, created_At) values ('6074c931fc13ae30de001639', 'Bagelers - Cinn / Brown Sugar', 'Nulla mollis molestie lorem. Quisque ut erat.', 73.93, '6070b024fc13ae796600005b', '6070b43dfc13ae798d00097f', '1589432144000');
insert into Transactions (id, title, description, amount, user_id, group_id, created_At) values ('6074c931fc13ae30de00163a', 'Apple - Northern Spy', 'Aenean sit amet justo. Morbi ut odio. Cras mi pede, malesuada in, imperdiet et, commodo vulputate, justo.', 80.11, '6070b024fc13ae796600005a', '6070b43dfc13ae798d00097e', '1600565013000');
insert into Transactions (id, title, description, amount, user_id, group_id, created_At) values ('6074c931fc13ae30de00163b', 'External Supplier', 'Fusce congue, diam id ornare imperdiet, sapien urna pretium nisl, ut volutpat sapien arcu sed augue. Aliquam erat volutpat. In congue.', 95.71, '6070b024fc13ae796600005a', '6070b43dfc13ae798d00097e', '1604218018000');
insert into Transactions (id, title, description, amount, user_id, group_id, created_At) values ('6074c931fc13ae30de00163c', 'Shrimp - 16/20, Peeled Deviened', null, 35.29, '6070b024fc13ae796600005b', '6070b43dfc13ae798d00097f', '1591330061000');
insert into Transactions (id, title, description, amount, user_id, group_id, created_At) values ('6074c931fc13ae30de00163d', 'Wine - Segura Viudas Aria Brut', 'Suspendisse potenti. In eleifend quam a odio. In hac habitasse platea dictumst.', 83.23, '6070b024fc13ae796600005a', '6070b43dfc13ae798d00097e', '1590281830000');
insert into Transactions (id, title, description, amount, user_id, group_id, created_At) values ('6074c931fc13ae30de00163e', 'Ecolab - Mikroklene 4/4 L', null, 87.28, '6070b024fc13ae796600005b', '6070b43dfc13ae798d00097f', '1599848969000');
insert into Transactions (id, title, description, amount, user_id, group_id, created_At) values ('6074c931fc13ae30de00163f', 'Curry Powder Madras', null, 97.12, '6070b024fc13ae796600005a', '6070b43dfc13ae798d00097e', '1616846340000');
insert into Transactions (id, title, description, amount, user_id, group_id, created_At) values ('6074c931fc13ae30de001640', 'Chocolate - Sugar Free Semi Choc', 'Donec semper sapien a libero. Nam dui.', 86.4, '6070b024fc13ae796600005a', '6070b43dfc13ae798d00097f', '1603943819000');
insert into Transactions (id, title, description, amount, user_id, group_id, created_At) values ('6074c931fc13ae30de001641', 'Container - Clear 16 Oz', null, 95.74, '6070b024fc13ae796600005b', '6070b43dfc13ae798d00097f', '1617200404000');
insert into Transactions (id, title, description, amount, user_id, group_id, created_At) values ('6074c931fc13ae30de001642', 'Pear - Halves', 'In hac habitasse platea dictumst. Aliquam augue quam, sollicitudin vitae, consectetuer eget, rutrum at, lorem. Integer tincidunt ante vel ipsum.', 65.05, '6070b024fc13ae796600005a', '6070b43dfc13ae798d00097f', '1611720197000');
insert into Transactions (id, title, description, amount, user_id, group_id, created_At) values ('6074c931fc13ae30de001643', 'Appetizer - Sausage Rolls', 'Sed vel enim sit amet nunc viverra dapibus. Nulla suscipit ligula in lacus.', 4.07, '6070b024fc13ae796600005a', '6070b43dfc13ae798d00097e', '1588366638000');
insert into Transactions (id, title, description, amount, user_id, group_id, created_At) values ('6074c931fc13ae30de001644', 'Juice - V8 Splash', null, 13.02, '6070b024fc13ae796600005a', '6070b43dfc13ae798d00097e', '1611731352000');
insert into Transactions (id, title, description, amount, user_id, group_id, created_At) values ('6074c931fc13ae30de001645', 'Cheese - Cheddar, Old White', null, 83.89, '6070b024fc13ae796600005b', '6070b43dfc13ae798d00097f', '1605658285000');
insert into Transactions (id, title, description, amount, user_id, group_id, created_At) values ('6074c931fc13ae30de001646', 'Juice - Cranberry, 341 Ml', null, 76.81, '6070b024fc13ae796600005a', '6070b43dfc13ae798d00097f', '1609783018000');
insert into Transactions (id, title, description, amount, user_id, group_id, created_At) values ('6074c931fc13ae30de001647', 'Swordfish Loin Portions', null, 63.57, '6070b024fc13ae796600005b', '6070b43dfc13ae798d00097f', '1590360436000');
insert into Transactions (id, title, description, amount, user_id, group_id, created_At) values ('6074c931fc13ae30de001648', 'Gingerale - Schweppes, 355 Ml', null, 91.42, '6070b024fc13ae796600005a', '6070b43dfc13ae798d00097f', '1603575253000');
insert into Transactions (id, title, description, amount, user_id, group_id, created_At) values ('6074c931fc13ae30de001649', 'Tart Shells - Savory, 2', 'Donec dapibus.', 58.37, '6070b024fc13ae796600005b', '6070b43dfc13ae798d00097f', '1606614444000');