delete from Groups ;
delete from User;
delete from User_Groups;

insert into user (id, name, username, password, phone_number, photo) values (1, 'Vanya', 'vboundey0', 'iPtrGIxmpq', '995-315-1869', 'https://robohash.org/sapienteinventoreeum.png?size=50x50&set=set1');
insert into user (id, name, username, password, phone_number, photo) values (2, 'Towney', 'targente1', 'VfuYLh', '319-958-6659', 'https://robohash.org/dolorsuscipitaperiam.png?size=50x50&set=set1');
insert into user (id, name, username, password, phone_number, photo) values (3, 'Morton', 'mchevis2', 'go1jd1K', '142-364-8028', 'https://robohash.org/exercitationemautemeveniet.png?size=50x50&set=set1');
insert into user (id, name, username, password, phone_number, photo) values (4, 'Aili', 'acoalburn3', 'puTQo1ufA', '921-516-8411', 'https://robohash.org/velitdoloremharum.png?size=50x50&set=set1');
insert into user (id, name, username, password, phone_number, photo) values (5, 'Kellby', 'kcowtherd4', 'rV1LDpzlOb', '100-684-8044', 'https://robohash.org/impeditexplicaboveniam.png?size=50x50&set=set1');
insert into user (id, name, username, password, phone_number, photo) values (6, 'Bria', 'btreske5', 'FwBrJLqiLRt6', '622-973-5277', 'https://robohash.org/cumquemodiqui.png?size=50x50&set=set1');
insert into user (id, name, username, password, phone_number, photo) values (7, 'Goran', 'gjoddens6', 'nVo408', '844-430-0917', 'https://robohash.org/occaecatidelectustempore.png?size=50x50&set=set1');
insert into user (id, name, username, password, phone_number, photo) values (8, 'Matthiew', 'mbecarra7', 'oaWQJXGd59', '444-272-2361', 'https://robohash.org/autvoluptatemvoluptate.png?size=50x50&set=set1');
insert into user (id, name, username, password, phone_number, photo) values (9, 'Hastie', 'hcopping8', '1mKxwlJx7aEy', '779-669-9401', 'https://robohash.org/providentsequiautem.png?size=50x50&set=set1');
insert into user (id, name, username, password, phone_number, photo) values (10, 'Farlee', 'fbarkley9', 'ycDyuS27o', '230-794-0282', 'https://robohash.org/vitaeaccusantiumquibusdam.png?size=50x50&set=set1');
insert into user (id, name, username, password, phone_number, photo) values (11, 'Elyssa', 'ebrabhama', 'mIXj3gpyEW', '938-232-3290', 'https://robohash.org/autemsuntdolorum.png?size=50x50&set=set1');
insert into user (id, name, username, password, phone_number, photo) values (12, 'Lulu', 'lpollastroneb', 'yv8akXC', '331-506-3600', 'https://robohash.org/voluptatemconsequunturex.png?size=50x50&set=set1');
insert into user (id, name, username, password, phone_number, photo) values (13, 'Merle', 'mbellardc', 'gyOiNyD', '373-183-1341', 'https://robohash.org/undeeiussint.png?size=50x50&set=set1');
insert into user (id, name, username, password, phone_number, photo) values (14, 'Bridget', 'bspellessyd', '4YNJDYQ1', '628-321-2562', 'https://robohash.org/omnisessetenetur.png?size=50x50&set=set1');
insert into user (id, name, username, password, phone_number, photo) values (15, 'Deena', 'dlevinse', 'T8ELiKnrw', '403-838-1302', 'https://robohash.org/repudiandaedoloremtempora.png?size=50x50&set=set1');
insert into user (id, name, username, password, phone_number, photo) values (16, 'Engracia', 'emullinsf', 'Ep7Jm34Z', '907-461-0650', 'https://robohash.org/autemquiofficiis.png?size=50x50&set=set1');
insert into user (id, name, username, password, phone_number, photo) values (17, 'Lawry', 'lturmellg', 'I3AQuhSR3', '215-700-5694', 'https://robohash.org/dolorumexpeditaet.png?size=50x50&set=set1');
insert into user (id, name, username, password, phone_number, photo) values (18, 'Renaldo', 'rjeanonh', 'XlqHfmcC', '530-396-3785', 'https://robohash.org/eosveniamvoluptates.png?size=50x50&set=set1');
insert into user (id, name, username, password, phone_number, photo) values (19, 'Newton', 'ntwiggeri', 'K2ydtkgq', '859-469-7943', 'https://robohash.org/suntrecusandaevoluptatum.png?size=50x50&set=set1');
insert into user (id, name, username, password, phone_number, photo) values (20, 'Pail', 'pprestigej', '2g1ekGJIzlF', '122-398-1231', 'https://robohash.org/seddignissimosconsequatur.png?size=50x50&set=set1');

insert into Groups (id, name, icon, last_settle_up, created_at) values (1, 'Morissette, Farrell and Lynch', 'https://robohash.org/etautemunde.png?size=50x50&set=set1', '1614155425000', '1615195123000');
insert into Groups (id, name, icon, last_settle_up, created_at) values (2, 'Windler, Pollich and Ferry', 'https://robohash.org/etrepellatdoloribus.png?size=50x50&set=set1', '1603208524000', '1593680476000');
insert into Groups (id, name, icon, last_settle_up, created_at) values (3, 'Nolan, Wunsch and Bednar', 'https://robohash.org/cupiditatebeataeducimus.png?size=50x50&set=set1', '1611648032000', '1590532672000');
insert into Groups (id, name, icon, last_settle_up, created_at) values (4, 'Murazik Inc', 'https://robohash.org/doloresundeiusto.png?size=50x50&set=set1', '1597616460000', '1601988466000');
insert into Groups (id, name, icon, last_settle_up, created_at) values (5, 'Schumm, Hilll and Mayert', 'https://robohash.org/itaquemagnamad.png?size=50x50&set=set1', '1601906327000', '1592117386000');
insert into Groups (id, name, icon, last_settle_up, created_at) values (6, 'Nicolas LLC', 'https://robohash.org/aliasconsequaturconsequatur.png?size=50x50&set=set1', '1600773861000', '1613168961000');
insert into Groups (id, name, icon, last_settle_up, created_at) values (7, 'Conn-Schimmel', 'https://robohash.org/essecorporisvelit.png?size=50x50&set=set1', '1617924814000', '1599749868000');
insert into Groups (id, name, icon, last_settle_up, created_at) values (8, 'Price LLC', 'https://robohash.org/sapientenatuset.png?size=50x50&set=set1', '1617786778000', '1610433567000');
insert into Groups (id, name, icon, last_settle_up, created_at) values (9, 'Yost Group', 'https://robohash.org/molestiasomnisnon.png?size=50x50&set=set1', '1597173065000', '1589398337000');
insert into Groups (id, name, icon, last_settle_up, created_at) values (10, 'Abernathy, Denesik and Jakubowski', 'https://robohash.org/dictadolorlaborum.png?size=50x50&set=set1', '1611850666000', '1605655184000');
insert into Groups (id, name, icon, last_settle_up, created_at) values (11, 'Ankunding-Armstrong', 'https://robohash.org/exvoluptatemquaerat.png?size=50x50&set=set1', '1608712260000', '1612648437000');
insert into Groups (id, name, icon, last_settle_up, created_at) values (12, 'Hoeger-Schaefer', 'https://robohash.org/quiavoluptatemvero.png?size=50x50&set=set1', '1606984699000', '1612653428000');
insert into Groups (id, name, icon, last_settle_up, created_at) values (13, 'Hilll, Zulauf and Lubowitz', 'https://robohash.org/consequunturplaceateum.png?size=50x50&set=set1', '1590720689000', '1609570260000');
insert into Groups (id, name, icon, last_settle_up, created_at) values (14, 'Feil Inc', 'https://robohash.org/doloremqueenimut.png?size=50x50&set=set1', '1609310709000', '1591897752000');
insert into Groups (id, name, icon, last_settle_up, created_at) values (15, 'Runolfsson LLC', 'https://robohash.org/dignissimosisteeum.png?size=50x50&set=set1', '1604835688000', '1606797560000');

insert into user_groups (user_id, group_id) values (2, 14);
insert into user_groups (user_id, group_id) values (7, 1);
insert into user_groups (user_id, group_id) values (19, 9);
insert into user_groups (user_id, group_id) values (7, 12);
insert into user_groups (user_id, group_id) values (9, 4);
insert into user_groups (user_id, group_id) values (12, 1);
insert into user_groups (user_id, group_id) values (11, 1);
insert into user_groups (user_id, group_id) values (7, 9);
insert into user_groups (user_id, group_id) values (13, 11);
insert into user_groups (user_id, group_id) values (5, 9);
insert into user_groups (user_id, group_id) values (9, 10);
insert into user_groups (user_id, group_id) values (18, 7);
insert into user_groups (user_id, group_id) values (15, 12);
insert into user_groups (user_id, group_id) values (8, 7);
insert into user_groups (user_id, group_id) values (13, 11);
insert into user_groups (user_id, group_id) values (12, 12);
insert into user_groups (user_id, group_id) values (12, 8);
insert into user_groups (user_id, group_id) values (16, 2);
insert into user_groups (user_id, group_id) values (6, 8);
insert into user_groups (user_id, group_id) values (19, 2);
insert into user_groups (user_id, group_id) values (5, 6);
insert into user_groups (user_id, group_id) values (7, 9);
insert into user_groups (user_id, group_id) values (8, 7);
insert into user_groups (user_id, group_id) values (3, 15);
insert into user_groups (user_id, group_id) values (15, 1);
insert into user_groups (user_id, group_id) values (7, 6);
insert into user_groups (user_id, group_id) values (11, 6);
insert into user_groups (user_id, group_id) values (5, 15);
insert into user_groups (user_id, group_id) values (3, 8);
insert into user_groups (user_id, group_id) values (15, 7);
insert into user_groups (user_id, group_id) values (19, 7);
insert into user_groups (user_id, group_id) values (19, 8);
insert into user_groups (user_id, group_id) values (8, 10);
insert into user_groups (user_id, group_id) values (10, 5);
insert into user_groups (user_id, group_id) values (10, 4);
insert into user_groups (user_id, group_id) values (8, 1);
insert into user_groups (user_id, group_id) values (14, 8);
insert into user_groups (user_id, group_id) values (14, 14);
insert into user_groups (user_id, group_id) values (15, 5);
insert into user_groups (user_id, group_id) values (4, 8);
insert into user_groups (user_id, group_id) values (19, 12);
insert into user_groups (user_id, group_id) values (12, 4);
insert into user_groups (user_id, group_id) values (8, 10);
insert into user_groups (user_id, group_id) values (20, 2);
insert into user_groups (user_id, group_id) values (8, 4);
insert into user_groups (user_id, group_id) values (17, 10);
insert into user_groups (user_id, group_id) values (10, 7);
insert into user_groups (user_id, group_id) values (4, 2);
insert into user_groups (user_id, group_id) values (11, 3);
insert into user_groups (user_id, group_id) values (5, 3);
insert into user_groups (user_id, group_id) values (3, 1);
insert into user_groups (user_id, group_id) values (14, 1);
insert into user_groups (user_id, group_id) values (14, 7);
insert into user_groups (user_id, group_id) values (5, 1);
insert into user_groups (user_id, group_id) values (14, 10);
insert into user_groups (user_id, group_id) values (18, 5);
insert into user_groups (user_id, group_id) values (9, 13);
insert into user_groups (user_id, group_id) values (1, 14);
insert into user_groups (user_id, group_id) values (17, 13);
insert into user_groups (user_id, group_id) values (1, 2);
insert into user_groups (user_id, group_id) values (8, 6);
insert into user_groups (user_id, group_id) values (5, 3);
insert into user_groups (user_id, group_id) values (17, 7);
insert into user_groups (user_id, group_id) values (9, 7);
insert into user_groups (user_id, group_id) values (18, 2);
insert into user_groups (user_id, group_id) values (6, 4);
insert into user_groups (user_id, group_id) values (2, 11);
insert into user_groups (user_id, group_id) values (3, 8);
insert into user_groups (user_id, group_id) values (12, 4);
insert into user_groups (user_id, group_id) values (12, 15);



insert into transactions (id, title, description, amount, user_id, group_id, created_at) values (1, 'Skewers - Bamboo', 'Nullam porttitor lacus at turpis.', 92.68, 18, 7, '1616890491000');
insert into transactions (id, title, description, amount, user_id, group_id, created_at) values (2, 'Meldea Green Tea Liquor', null, 54.98, 10, 8, '1607566485000');
insert into transactions (id, title, description, amount, user_id, group_id, created_at) values (3, 'Bread - 10 Grain', 'Pellentesque at nulla. Suspendisse potenti. Cras in purus eu magna vulputate luctus.', 81.47, 13, 3, '1617571421000');
insert into transactions (id, title, description, amount, user_id, group_id, created_at) values (4, 'Apron', null, 79.66, 20, 6, '1597225309000');
insert into transactions (id, title, description, amount, user_id, group_id, created_at) values (5, 'Bay Leaf', null, 116.97, 14, 5, '1592669590000');
insert into transactions (id, title, description, amount, user_id, group_id, created_at) values (6, 'Papayas', null, 70.27, 1, 11, '1617255905000');
insert into transactions (id, title, description, amount, user_id, group_id, created_at) values (7, 'Cocoa Powder - Natural', null, 185.37, 12, 11, '1604781335000');
insert into transactions (id, title, description, amount, user_id, group_id, created_at) values (8, 'French Pastry - Mini Chocolate', 'Sed vel enim sit amet nunc viverra dapibus.', 105.18, 20, 5, '1608290661000');
insert into transactions (id, title, description, amount, user_id, group_id, created_at) values (9, 'Container Clear 8 Oz', null, 8.54, 10, 4, '1589224105000');
insert into transactions (id, title, description, amount, user_id, group_id, created_at) values (10, 'Wine - Red, Metus Rose', 'Integer pede justo, lacinia eget, tincidunt eget, tempus vel, pede. Morbi porttitor lorem id ligula.', 47.29, 15, 12, '1601178488000');
insert into transactions (id, title, description, amount, user_id, group_id, created_at) values (11, 'Wine - Ej Gallo Sierra Valley', 'Morbi odio odio, elementum eu, interdum eu, tincidunt in, leo. Maecenas pulvinar lobortis est.', 55.28, 7, 15, '1587406839000');
insert into transactions (id, title, description, amount, user_id, group_id, created_at) values (12, 'Chicken - Wings, Tip Off', 'Nunc rhoncus dui vel sem. Sed sagittis.', 135.99, 1, 15, '1599157114000');
insert into transactions (id, title, description, amount, user_id, group_id, created_at) values (13, 'Lid Tray - 12in Dome', null, 49.71, 11, 7, '1616116564000');
insert into transactions (id, title, description, amount, user_id, group_id, created_at) values (14, 'Mousse - Banana Chocolate', 'Duis aliquam convallis nunc.', 179.73, 6, 4, '1587174753000');
insert into transactions (id, title, description, amount, user_id, group_id, created_at) values (15, 'Soup - Verve - Chipotle Chicken', 'Praesent id massa id nisl venenatis lacinia. Aenean sit amet justo. Morbi ut odio.', 144.15, 13, 13, '1604025373000');
insert into transactions (id, title, description, amount, user_id, group_id, created_at) values (16, 'Rabbit - Frozen', 'Pellentesque eget nunc. Donec quis orci eget orci vehicula condimentum.', 36.84, 20, 4, '1607981215000');
insert into transactions (id, title, description, amount, user_id, group_id, created_at) values (17, 'Asparagus - Frozen', 'Donec semper sapien a libero.', 99.38, 16, 15, '1616390961000');
insert into transactions (id, title, description, amount, user_id, group_id, created_at) values (18, 'Shrimp - Tiger 21/25', null, 112.55, 1, 1, '1612973822000');
insert into transactions (id, title, description, amount, user_id, group_id, created_at) values (19, 'Chef Hat 25cm', null, 110.4, 6, 5, '1591289123000');
insert into transactions (id, title, description, amount, user_id, group_id, created_at) values (20, 'Orange Roughy 6/8 Oz', null, 166.28, 17, 5, '1601010026000');
insert into transactions (id, title, description, amount, user_id, group_id, created_at) values (21, 'Cheese - Brick With Pepper', 'Nulla suscipit ligula in lacus. Curabitur at ipsum ac tellus semper interdum.', 32.24, 5, 3, '1606547772000');
insert into transactions (id, title, description, amount, user_id, group_id, created_at) values (22, 'Shrimp - Black Tiger 26/30', 'Nulla ut erat id mauris vulputate elementum.', 17.77, 16, 2, '1600337083000');
insert into transactions (id, title, description, amount, user_id, group_id, created_at) values (23, 'Tea Leaves - Oolong', 'Nulla facilisi.', 70.1, 2, 3, '1612027785000');
insert into transactions (id, title, description, amount, user_id, group_id, created_at) values (24, 'Coffee - Egg Nog Capuccino', null, 171.96, 10, 4, '1588924573000');
insert into transactions (id, title, description, amount, user_id, group_id, created_at) values (25, 'Sausage - Meat', 'Suspendisse potenti. In eleifend quam a odio.', 89.13, 19, 10, '1588434941000');
insert into transactions (id, title, description, amount, user_id, group_id, created_at) values (26, 'Compound - Raspberry', null, 186.94, 17, 12, '1600107376000');
insert into transactions (id, title, description, amount, user_id, group_id, created_at) values (27, 'Salsify, Organic', 'Nunc nisl. Duis bibendum, felis sed interdum venenatis, turpis enim blandit mi, in porttitor pede justo eu massa.', 69.69, 6, 12, '1588046334000');
insert into transactions (id, title, description, amount, user_id, group_id, created_at) values (28, 'Flour - Teff', 'Nullam orci pede, venenatis non, sodales sed, tincidunt eu, felis. Fusce posuere felis sed lacus.', 69.98, 7, 4, '1611397832000');
insert into transactions (id, title, description, amount, user_id, group_id, created_at) values (29, 'V8 - Tropical Blend', 'In est risus, auctor sed, tristique in, tempus sit amet, sem. Fusce consequat. Nulla nisl.', 124.26, 17, 8, '1609204339000');
insert into transactions (id, title, description, amount, user_id, group_id, created_at) values (30, 'Wine - Touraine Azay - Le - Rideau', 'Vestibulum quam sapien, varius ut, blandit non, interdum in, ante. Vestibulum ante ipsum primis in faucibus orci luctus et ultrices posuere cubilia Curae; Duis faucibus accumsan odio.', 105.54, 7, 15, '1599501569000');
insert into transactions (id, title, description, amount, user_id, group_id, created_at) values (31, 'Dates', 'Maecenas tincidunt lacus at velit. Vivamus vel nulla eget eros elementum pellentesque. Quisque porta volutpat erat.', 117.29, 6, 6, '1592094781000');
insert into transactions (id, title, description, amount, user_id, group_id, created_at) values (32, 'Beef - Tongue, Fresh', 'Cras mi pede, malesuada in, imperdiet et, commodo vulputate, justo.', 2.53, 16, 12, '1602322378000');
insert into transactions (id, title, description, amount, user_id, group_id, created_at) values (33, 'Pate - Peppercorn', 'Lorem ipsum dolor sit amet, consectetuer adipiscing elit. Proin interdum mauris non ligula pellentesque ultrices. Phasellus id sapien in sapien iaculis congue.', 107.65, 15, 4, '1611364654000');
insert into transactions (id, title, description, amount, user_id, group_id, created_at) values (34, 'Molasses - Fancy', 'Donec diam neque, vestibulum eget, vulputate ut, ultrices vel, augue. Vestibulum ante ipsum primis in faucibus orci luctus et ultrices posuere cubilia Curae; Donec pharetra, magna vestibulum aliquet ultrices, erat tortor sollicitudin mi, sit amet lobortis sapien sapien non mi. Integer ac neque.', 76.69, 6, 2, '1589499885000');
insert into transactions (id, title, description, amount, user_id, group_id, created_at) values (35, 'Sobe - Green Tea', 'In congue.', 133.81, 7, 14, '1593229739000');
insert into transactions (id, title, description, amount, user_id, group_id, created_at) values (36, 'Molasses - Fancy', null, 60.19, 13, 4, '1601607347000');
insert into transactions (id, title, description, amount, user_id, group_id, created_at) values (37, 'Beef - Inside Round', 'Vivamus tortor. Duis mattis egestas metus.', 73.68, 16, 8, '1608333668000');
insert into transactions (id, title, description, amount, user_id, group_id, created_at) values (38, 'Pants Custom Dry Clean', 'Cum sociis natoque penatibus et magnis dis parturient montes, nascetur ridiculus mus. Vivamus vestibulum sagittis sapien. Cum sociis natoque penatibus et magnis dis parturient montes, nascetur ridiculus mus.', 184.58, 3, 6, '1602687209000');
insert into transactions (id, title, description, amount, user_id, group_id, created_at) values (39, 'Compound - Pear', 'Cum sociis natoque penatibus et magnis dis parturient montes, nascetur ridiculus mus. Vivamus vestibulum sagittis sapien.', 80.05, 1, 1, '1602414241000');
insert into transactions (id, title, description, amount, user_id, group_id, created_at) values (40, 'Wine - White Cab Sauv.on', null, 167.83, 12, 8, '1599995898000');
insert into transactions (id, title, description, amount, user_id, group_id, created_at) values (41, 'Pepsi, 355 Ml', null, 89.74, 17, 1, '1589845591000');
insert into transactions (id, title, description, amount, user_id, group_id, created_at) values (42, 'Ice Cream Bar - Hagen Daz', 'Nam nulla. Integer pede justo, lacinia eget, tincidunt eget, tempus vel, pede.', 78.1, 18, 6, '1613434494000');
insert into transactions (id, title, description, amount, user_id, group_id, created_at) values (43, 'Pasta - Lasagna Noodle, Frozen', 'Morbi vel lectus in quam fringilla rhoncus. Mauris enim leo, rhoncus sed, vestibulum sit amet, cursus id, turpis.', 60.52, 3, 14, '1591273156000');
insert into transactions (id, title, description, amount, user_id, group_id, created_at) values (44, 'Tea - Decaf Lipton', 'Aliquam erat volutpat. In congue.', 190.13, 10, 7, '1588670208000');
insert into transactions (id, title, description, amount, user_id, group_id, created_at) values (45, 'Crab - Imitation Flakes', null, 77.85, 9, 5, '1611310183000');
insert into transactions (id, title, description, amount, user_id, group_id, created_at) values (46, 'Dried Figs', null, 77.56, 16, 11, '1602855764000');
insert into transactions (id, title, description, amount, user_id, group_id, created_at) values (47, 'Muffin - Zero Transfat', 'Lorem ipsum dolor sit amet, consectetuer adipiscing elit.', 129.25, 20, 1, '1612655459000');
insert into transactions (id, title, description, amount, user_id, group_id, created_at) values (48, 'Pastry - Trippleberry Muffin - Mini', 'Quisque erat eros, viverra eget, congue eget, semper rutrum, nulla. Nunc purus. Phasellus in felis.', 80.57, 7, 11, '1603773550000');
insert into transactions (id, title, description, amount, user_id, group_id, created_at) values (49, 'Cheese - Le Cheve Noir', 'Nulla ac enim. In tempor, turpis nec euismod scelerisque, quam turpis adipiscing lorem, vitae mattis nibh ligula nec sem. Duis aliquam convallis nunc.', 46.09, 17, 3, '1603330125000');
insert into transactions (id, title, description, amount, user_id, group_id, created_at) values (50, 'Cookies - Englishbay Chochip', null, 159.57, 16, 9, '1601598937000');
insert into transactions (id, title, description, amount, user_id, group_id, created_at) values (51, 'Walkers Special Old Whiskey', null, 75.17, 18, 14, '1592398496000');
insert into transactions (id, title, description, amount, user_id, group_id, created_at) values (52, 'Goldschalger', null, 127.74, 15, 11, '1616097703000');
insert into transactions (id, title, description, amount, user_id, group_id, created_at) values (53, 'Mushroom - Enoki, Dry', 'Donec quis orci eget orci vehicula condimentum.', 126.6, 11, 8, '1602767140000');
insert into transactions (id, title, description, amount, user_id, group_id, created_at) values (54, 'Sponge Cake Mix - Chocolate', 'In sagittis dui vel nisl.', 107.34, 17, 2, '1597871787000');
insert into transactions (id, title, description, amount, user_id, group_id, created_at) values (55, 'Beans - Black Bean, Canned', 'Morbi quis tortor id nulla ultrices aliquet. Maecenas leo odio, condimentum id, luctus nec, molestie sed, justo. Pellentesque viverra pede ac diam.', 30.88, 20, 5, '1599905420000');
insert into transactions (id, title, description, amount, user_id, group_id, created_at) values (56, 'Couscous', 'Maecenas ut massa quis augue luctus tincidunt. Nulla mollis molestie lorem. Quisque ut erat.', 91.05, 18, 5, '1617802263000');
insert into transactions (id, title, description, amount, user_id, group_id, created_at) values (57, 'Ginger - Fresh', null, 8.06, 20, 3, '1595008549000');
insert into transactions (id, title, description, amount, user_id, group_id, created_at) values (58, 'Island Oasis - Mango Daiquiri', 'Quisque erat eros, viverra eget, congue eget, semper rutrum, nulla.', 194.67, 4, 5, '1589436023000');
insert into transactions (id, title, description, amount, user_id, group_id, created_at) values (59, 'Puree - Blackcurrant', 'Duis mattis egestas metus.', 78.73, 18, 6, '1598986495000');
insert into transactions (id, title, description, amount, user_id, group_id, created_at) values (60, 'Radish - Black, Winter, Organic', null, 82.73, 13, 12, '1617679764000');
insert into transactions (id, title, description, amount, user_id, group_id, created_at) values (61, 'Muffin Puck Ww Carrot', null, 119.13, 19, 3, '1602798849000');
insert into transactions (id, title, description, amount, user_id, group_id, created_at) values (62, 'Oil - Food, Lacquer Spray', 'Ut tellus. Nulla ut erat id mauris vulputate elementum.', 181.88, 16, 3, '1598820968000');
insert into transactions (id, title, description, amount, user_id, group_id, created_at) values (63, 'Veal - Nuckle', null, 42.34, 9, 7, '1609837665000');
insert into transactions (id, title, description, amount, user_id, group_id, created_at) values (64, 'Chocolate - Chips Compound', 'Nulla suscipit ligula in lacus. Curabitur at ipsum ac tellus semper interdum. Mauris ullamcorper purus sit amet nulla.', 91.79, 12, 4, '1614269561000');
insert into transactions (id, title, description, amount, user_id, group_id, created_at) values (65, 'Syrup - Monin - Blue Curacao', null, 158.61, 9, 3, '1601257121000');
insert into transactions (id, title, description, amount, user_id, group_id, created_at) values (66, 'Bread Foccacia Whole', null, 121.35, 3, 12, '1588593314000');
insert into transactions (id, title, description, amount, user_id, group_id, created_at) values (67, 'Duck - Breast', null, 156.78, 10, 5, '1591429050000');
insert into transactions (id, title, description, amount, user_id, group_id, created_at) values (68, 'Chips - Potato Jalapeno', null, 36.99, 17, 5, '1594172187000');
insert into transactions (id, title, description, amount, user_id, group_id, created_at) values (69, 'Bagel - 12 Grain Preslice', 'Vivamus in felis eu sapien cursus vestibulum. Proin eu mi. Nulla ac enim.', 182.87, 8, 9, '1608289696000');
insert into transactions (id, title, description, amount, user_id, group_id, created_at) values (70, 'Ecolab - Medallion', null, 47.02, 19, 5, '1588566795000');
insert into transactions (id, title, description, amount, user_id, group_id, created_at) values (71, 'Soup - Campbells, Classic Chix', 'Proin interdum mauris non ligula pellentesque ultrices. Phasellus id sapien in sapien iaculis congue.', 40.68, 10, 3, '1615043842000');
insert into transactions (id, title, description, amount, user_id, group_id, created_at) values (72, 'Soup - Knorr, Chicken Noodle', null, 195.49, 4, 2, '1607018099000');
insert into transactions (id, title, description, amount, user_id, group_id, created_at) values (73, 'Towel Multifold', 'Cum sociis natoque penatibus et magnis dis parturient montes, nascetur ridiculus mus. Etiam vel augue. Vestibulum rutrum rutrum neque.', 17.16, 6, 1, '1599897783000');
insert into transactions (id, title, description, amount, user_id, group_id, created_at) values (74, 'Jack Daniels', 'Sed accumsan felis. Ut at dolor quis odio consequat varius.', 166.18, 1, 11, '1615477490000');
insert into transactions (id, title, description, amount, user_id, group_id, created_at) values (75, 'Extract - Rum', null, 34.83, 3, 12, '1598531590000');
insert into transactions (id, title, description, amount, user_id, group_id, created_at) values (76, 'Apple - Royal Gala', 'Nulla ac enim. In tempor, turpis nec euismod scelerisque, quam turpis adipiscing lorem, vitae mattis nibh ligula nec sem. Duis aliquam convallis nunc.', 120.37, 6, 7, '1589324783000');
insert into transactions (id, title, description, amount, user_id, group_id, created_at) values (77, 'Wine - Chardonnay Mondavi', null, 87.87, 8, 8, '1611561060000');
insert into transactions (id, title, description, amount, user_id, group_id, created_at) values (78, 'Rosemary - Fresh', 'Morbi non lectus. Aliquam sit amet diam in magna bibendum imperdiet.', 59.62, 15, 14, '1609350718000');
insert into transactions (id, title, description, amount, user_id, group_id, created_at) values (79, 'Daves Island Stinger', null, 103.39, 4, 9, '1610152510000');
insert into transactions (id, title, description, amount, user_id, group_id, created_at) values (80, 'Egg - Salad Premix', 'Vivamus vestibulum sagittis sapien. Cum sociis natoque penatibus et magnis dis parturient montes, nascetur ridiculus mus. Etiam vel augue.', 162.11, 19, 12, '1617633585000');
insert into transactions (id, title, description, amount, user_id, group_id, created_at) values (81, 'Pasta - Detalini, White, Fresh', null, 83.19, 9, 7, '1600030114000');
insert into transactions (id, title, description, amount, user_id, group_id, created_at) values (82, 'Doilies - 8, Paper', 'Suspendisse potenti. Cras in purus eu magna vulputate luctus.', 102.65, 6, 1, '1590326469000');
insert into transactions (id, title, description, amount, user_id, group_id, created_at) values (83, 'Pork - Bacon,back Peameal', null, 82.52, 15, 12, '1589214543000');
insert into transactions (id, title, description, amount, user_id, group_id, created_at) values (84, 'Venison - Liver', null, 40.5, 9, 11, '1600256872000');
insert into transactions (id, title, description, amount, user_id, group_id, created_at) values (85, 'Crab Brie In Phyllo', 'Nam dui. Proin leo odio, porttitor id, consequat in, consequat ut, nulla.', 143.14, 4, 14, '1608836487000');
insert into transactions (id, title, description, amount, user_id, group_id, created_at) values (86, 'Garbage Bags - Black', 'Donec dapibus.', 189.01, 1, 5, '1597088186000');
insert into transactions (id, title, description, amount, user_id, group_id, created_at) values (87, 'Squid Ink', 'Praesent blandit lacinia erat.', 78.34, 20, 15, '1616677661000');
insert into transactions (id, title, description, amount, user_id, group_id, created_at) values (88, 'Longos - Chicken Wings', 'Praesent blandit. Nam nulla.', 96.89, 11, 2, '1598511619000');
insert into transactions (id, title, description, amount, user_id, group_id, created_at) values (89, 'Chilli Paste, Ginger Garlic', 'Vivamus in felis eu sapien cursus vestibulum. Proin eu mi. Nulla ac enim.', 103.41, 18, 6, '1609420295000');
insert into transactions (id, title, description, amount, user_id, group_id, created_at) values (90, 'Wine - Tio Pepe Sherry Fino', 'Duis at velit eu est congue elementum. In hac habitasse platea dictumst.', 189.8, 3, 2, '1612840477000');
insert into transactions (id, title, description, amount, user_id, group_id, created_at) values (91, 'Squid Ink', null, 57.87, 12, 6, '1603038031000');
insert into transactions (id, title, description, amount, user_id, group_id, created_at) values (92, 'Wine - Cousino Macul Antiguas', 'Nulla tellus. In sagittis dui vel nisl. Duis ac nibh.', 54.66, 13, 14, '1614571012000');
insert into transactions (id, title, description, amount, user_id, group_id, created_at) values (93, 'Goat - Whole Cut', null, 116.42, 9, 6, '1607238338000');
insert into transactions (id, title, description, amount, user_id, group_id, created_at) values (94, 'Shrimp - Tiger 21/25', 'Vestibulum ante ipsum primis in faucibus orci luctus et ultrices posuere cubilia Curae; Duis faucibus accumsan odio. Curabitur convallis. Duis consequat dui nec nisi volutpat eleifend.', 84.16, 12, 1, '1609013352000');
insert into transactions (id, title, description, amount, user_id, group_id, created_at) values (95, 'Dome Lid Clear P92008h', 'Praesent id massa id nisl venenatis lacinia.', 95.72, 12, 8, '1614339615000');
insert into transactions (id, title, description, amount, user_id, group_id, created_at) values (96, 'Milkettes - 2%', 'Quisque porta volutpat erat. Quisque erat eros, viverra eget, congue eget, semper rutrum, nulla. Nunc purus.', 100.1, 10, 15, '1610522973000');
insert into transactions (id, title, description, amount, user_id, group_id, created_at) values (97, 'Plasticspoonblack', null, 160.94, 7, 8, '1595394291000');
insert into transactions (id, title, description, amount, user_id, group_id, created_at) values (98, 'Mushroom - Morels, Dry', 'Etiam faucibus cursus urna. Ut tellus. Nulla ut erat id mauris vulputate elementum.', 21.46, 10, 12, '1604947433000');
insert into transactions (id, title, description, amount, user_id, group_id, created_at) values (99, 'Scallops - 10/20', 'Aliquam erat volutpat.', 6.88, 15, 7, '1594533717000');
insert into transactions (id, title, description, amount, user_id, group_id, created_at) values (100, 'Nut - Pumpkin Seeds', null, 5.91, 13, 4, '1590622646000');

insert into involved (id, user_id, transaction_id, amount, created_at) values (1, 7, 54, 44.15, '1609739707000');
insert into involved (id, user_id, transaction_id, amount, created_at) values (2, 6, 73, 44.06, '1602888144000');
insert into involved (id, user_id, transaction_id, amount, created_at) values (3, 20, 58, 37.72, '1588860207000');
insert into involved (id, user_id, transaction_id, amount, created_at) values (4, 16, 42, 47.34, '1593002188000');
insert into involved (id, user_id, transaction_id, amount, created_at) values (5, 11, 29, 47.38, '1593627480000');
insert into involved (id, user_id, transaction_id, amount, created_at) values (6, 17, 28, 24.35, '1597839417000');
insert into involved (id, user_id, transaction_id, amount, created_at) values (7, 9, 34, 37.57, '1612942089000');
insert into involved (id, user_id, transaction_id, amount, created_at) values (8, 10, 80, 38.8, '1591081753000');
insert into involved (id, user_id, transaction_id, amount, created_at) values (9, 15, 48, 20.51, '1596779381000');
insert into involved (id, user_id, transaction_id, amount, created_at) values (10, 20, 93, 6.28, '1615274264000');
insert into involved (id, user_id, transaction_id, amount, created_at) values (11, 11, 5, 28.37, '1603626888000');
insert into involved (id, user_id, transaction_id, amount, created_at) values (12, 18, 21, 33.15, '1587694584000');
insert into involved (id, user_id, transaction_id, amount, created_at) values (13, 6, 81, 46.04, '1602861053000');
insert into involved (id, user_id, transaction_id, amount, created_at) values (14, 18, 95, 23.59, '1602798793000');
insert into involved (id, user_id, transaction_id, amount, created_at) values (15, 14, 27, 38.87, '1593089288000');
insert into involved (id, user_id, transaction_id, amount, created_at) values (16, 9, 24, 1.24, '1590951897000');
insert into involved (id, user_id, transaction_id, amount, created_at) values (17, 7, 95, 28.94, '1601349075000');
insert into involved (id, user_id, transaction_id, amount, created_at) values (18, 7, 90, 21.73, '1594421795000');
insert into involved (id, user_id, transaction_id, amount, created_at) values (19, 17, 72, 46.73, '1587889047000');
insert into involved (id, user_id, transaction_id, amount, created_at) values (20, 1, 68, 33.97, '1597390597000');
insert into involved (id, user_id, transaction_id, amount, created_at) values (21, 10, 3, 37.83, '1595313578000');
insert into involved (id, user_id, transaction_id, amount, created_at) values (22, 8, 32, 6.04, '1602848546000');
insert into involved (id, user_id, transaction_id, amount, created_at) values (23, 4, 31, 7.87, '1595965570000');
insert into involved (id, user_id, transaction_id, amount, created_at) values (24, 6, 84, 36.45, '1617026730000');
insert into involved (id, user_id, transaction_id, amount, created_at) values (25, 6, 75, 30.7, '1606495325000');
insert into involved (id, user_id, transaction_id, amount, created_at) values (26, 19, 33, 18.89, '1612508725000');
insert into involved (id, user_id, transaction_id, amount, created_at) values (27, 4, 78, 18.43, '1599404436000');
insert into involved (id, user_id, transaction_id, amount, created_at) values (28, 3, 25, 46.12, '1597242700000');
insert into involved (id, user_id, transaction_id, amount, created_at) values (29, 4, 38, 24.8, '1618389246000');
insert into involved (id, user_id, transaction_id, amount, created_at) values (30, 17, 62, 36.33, '1608061619000');
insert into involved (id, user_id, transaction_id, amount, created_at) values (31, 11, 76, 22.64, '1606885209000');
insert into involved (id, user_id, transaction_id, amount, created_at) values (32, 5, 1, 36.44, '1616393063000');
insert into involved (id, user_id, transaction_id, amount, created_at) values (33, 15, 8, 25.35, '1600960715000');
insert into involved (id, user_id, transaction_id, amount, created_at) values (34, 10, 65, 23.11, '1599565648000');
insert into involved (id, user_id, transaction_id, amount, created_at) values (35, 17, 51, 34.87, '1603486865000');
insert into involved (id, user_id, transaction_id, amount, created_at) values (36, 16, 52, 33.74, '1604994385000');
insert into involved (id, user_id, transaction_id, amount, created_at) values (37, 18, 72, 46.67, '1597211441000');
insert into involved (id, user_id, transaction_id, amount, created_at) values (38, 1, 85, 24.98, '1600047560000');
insert into involved (id, user_id, transaction_id, amount, created_at) values (39, 17, 25, 9.11, '1612382414000');
insert into involved (id, user_id, transaction_id, amount, created_at) values (40, 10, 80, 36.55, '1617083107000');
insert into involved (id, user_id, transaction_id, amount, created_at) values (41, 5, 70, 30.98, '1598952081000');
insert into involved (id, user_id, transaction_id, amount, created_at) values (42, 4, 40, 40.78, '1607129304000');
insert into involved (id, user_id, transaction_id, amount, created_at) values (43, 11, 84, 37.46, '1615654111000');
insert into involved (id, user_id, transaction_id, amount, created_at) values (44, 9, 90, 8.92, '1605812033000');
insert into involved (id, user_id, transaction_id, amount, created_at) values (45, 5, 26, 42.47, '1609944824000');
insert into involved (id, user_id, transaction_id, amount, created_at) values (46, 10, 10, 38.02, '1588990395000');
insert into involved (id, user_id, transaction_id, amount, created_at) values (47, 6, 79, 18.59, '1603984119000');
insert into involved (id, user_id, transaction_id, amount, created_at) values (48, 10, 7, 49.71, '1612644435000');
insert into involved (id, user_id, transaction_id, amount, created_at) values (49, 19, 16, 44.98, '1596909903000');
insert into involved (id, user_id, transaction_id, amount, created_at) values (50, 12, 21, 36.33, '1592856660000');
insert into involved (id, user_id, transaction_id, amount, created_at) values (51, 6, 61, 9.04, '1600941587000');
insert into involved (id, user_id, transaction_id, amount, created_at) values (52, 1, 21, 23.39, '1614399460000');
insert into involved (id, user_id, transaction_id, amount, created_at) values (53, 17, 50, 20.59, '1615503344000');
insert into involved (id, user_id, transaction_id, amount, created_at) values (54, 9, 31, 21.42, '1604671981000');
insert into involved (id, user_id, transaction_id, amount, created_at) values (55, 19, 66, 20.07, '1606981818000');
insert into involved (id, user_id, transaction_id, amount, created_at) values (56, 19, 48, 44.76, '1602771694000');
insert into involved (id, user_id, transaction_id, amount, created_at) values (57, 11, 54, 10.39, '1589117353000');
insert into involved (id, user_id, transaction_id, amount, created_at) values (58, 5, 52, 36.56, '1607284707000');
insert into involved (id, user_id, transaction_id, amount, created_at) values (59, 9, 37, 10.16, '1595104463000');
insert into involved (id, user_id, transaction_id, amount, created_at) values (60, 17, 43, 29.96, '1614167288000');
insert into involved (id, user_id, transaction_id, amount, created_at) values (61, 20, 95, 31.5, '1604005981000');
insert into involved (id, user_id, transaction_id, amount, created_at) values (62, 15, 66, 38.81, '1596421637000');
insert into involved (id, user_id, transaction_id, amount, created_at) values (63, 17, 88, 40.28, '1617656135000');
insert into involved (id, user_id, transaction_id, amount, created_at) values (64, 11, 13, 39.58, '1608033778000');
insert into involved (id, user_id, transaction_id, amount, created_at) values (65, 1, 54, 30.22, '1608521498000');
insert into involved (id, user_id, transaction_id, amount, created_at) values (66, 3, 37, 44.11, '1616353202000');
insert into involved (id, user_id, transaction_id, amount, created_at) values (67, 8, 4, 16.65, '1602630889000');
insert into involved (id, user_id, transaction_id, amount, created_at) values (68, 4, 5, 30.64, '1599369617000');
insert into involved (id, user_id, transaction_id, amount, created_at) values (69, 5, 90, 17.55, '1601499128000');
insert into involved (id, user_id, transaction_id, amount, created_at) values (70, 11, 64, 41.67, '1616598973000');
insert into involved (id, user_id, transaction_id, amount, created_at) values (71, 16, 56, 46.15, '1598608762000');
insert into involved (id, user_id, transaction_id, amount, created_at) values (72, 4, 55, 5.26, '1611438792000');
insert into involved (id, user_id, transaction_id, amount, created_at) values (73, 11, 30, 31.36, '1598380498000');
insert into involved (id, user_id, transaction_id, amount, created_at) values (74, 6, 25, 25.95, '1614255025000');
insert into involved (id, user_id, transaction_id, amount, created_at) values (75, 20, 73, 41.76, '1616234908000');
insert into involved (id, user_id, transaction_id, amount, created_at) values (76, 4, 82, 37.76, '1608150530000');
insert into involved (id, user_id, transaction_id, amount, created_at) values (77, 7, 59, 14.33, '1598126438000');
insert into involved (id, user_id, transaction_id, amount, created_at) values (78, 11, 23, 34.07, '1611453724000');
insert into involved (id, user_id, transaction_id, amount, created_at) values (79, 19, 41, 43.06, '1596867530000');
insert into involved (id, user_id, transaction_id, amount, created_at) values (80, 14, 71, 42.77, '1595057523000');
insert into involved (id, user_id, transaction_id, amount, created_at) values (81, 1, 96, 47.16, '1597791400000');
insert into involved (id, user_id, transaction_id, amount, created_at) values (82, 1, 49, 34.19, '1602685963000');
insert into involved (id, user_id, transaction_id, amount, created_at) values (83, 13, 74, 15.78, '1600396133000');
insert into involved (id, user_id, transaction_id, amount, created_at) values (84, 8, 6, 22.94, '1605737599000');
insert into involved (id, user_id, transaction_id, amount, created_at) values (85, 11, 23, 20.49, '1597307239000');
insert into involved (id, user_id, transaction_id, amount, created_at) values (86, 14, 86, 47.83, '1587961155000');
insert into involved (id, user_id, transaction_id, amount, created_at) values (87, 20, 7, 42.28, '1611293273000');
insert into involved (id, user_id, transaction_id, amount, created_at) values (88, 11, 97, 45.42, '1612284271000');
insert into involved (id, user_id, transaction_id, amount, created_at) values (89, 19, 93, 14.59, '1618333984000');
insert into involved (id, user_id, transaction_id, amount, created_at) values (90, 12, 35, 27.28, '1610422169000');
insert into involved (id, user_id, transaction_id, amount, created_at) values (91, 5, 43, 15.4, '1608168807000');
insert into involved (id, user_id, transaction_id, amount, created_at) values (92, 7, 85, 8.27, '1616764146000');
insert into involved (id, user_id, transaction_id, amount, created_at) values (93, 20, 67, 9.18, '1599816230000');
insert into involved (id, user_id, transaction_id, amount, created_at) values (94, 3, 90, 41.47, '1592362631000');
insert into involved (id, user_id, transaction_id, amount, created_at) values (95, 5, 79, 21.63, '1593228230000');
insert into involved (id, user_id, transaction_id, amount, created_at) values (96, 10, 8, 26.19, '1592245860000');
insert into involved (id, user_id, transaction_id, amount, created_at) values (97, 19, 65, 20.68, '1593452142000');
insert into involved (id, user_id, transaction_id, amount, created_at) values (98, 3, 81, 37.34, '1605229859000');
insert into involved (id, user_id, transaction_id, amount, created_at) values (99, 8, 30, 38.0, '1597449109000');
insert into involved (id, user_id, transaction_id, amount, created_at) values (100, 15, 47, 3.17, '1591085101000');