delete from Groups ;
delete from User;
delete from User_Groups;

insert into user (id, name, username, password, phone_number, photo) values (1, 'Vanya', 'vboundey0', 'iPtrGIxmpq', '995-315-1869', 'https://robohash.org/sapienteinventoreeum.png?size=50x50&set=set1');
insert into user (id, name, username, password, phone_number, photo) values (2, 'Towney', 'targente1', 'VfuYLh', '319-958-6659', 'https://robohash.org/dolorsuscipitaperiam.png?size=50x50&set=set1');
insert into user (id, name, username, password, phone_number, photo) values (3, 'Morton', 'mchevis2', 'go1jd1K', '142-364-8028', 'https://robohash.org/exercitationemautemeveniet.png?size=50x50&set=set1');
insert into user (id, name, username, password, phone_number, photo) values (4, 'Aili', 'acoalburn3', 'puTQo1ufA', '921-516-8411', 'https://robohash.org/velitdoloremharum.png?size=50x50&set=set1');
insert into user (id, name, username, password, phone_number, photo) values (5, 'Kellby', 'kcowtherd4', 'rV1LDpzlOb', '100-684-8044', 'https://robohash.org/impeditexplicaboveniam.png?size=50x50&set=set1');
insert into user (id, name, username, password, phone_number, photo) values (6, 'Bria', 'btreske5', 'FwBrJLqiLRt6', '622-973-5277', 'https://robohash.org/cumquemodiqui.png?size=50x50&set=set1');
insert into user (id, name, username, password, phone_number, photo) values (7, 'Goran', 'gjoddens6', 'nVo408', '844-430-0917', 'https://robohash.org/occaecatidelectustempore.png?size=50x50&set=set1');
insert into user (id, name, username, password, phone_number, photo) values (8, 'Matthiew', 'mbecarra7', 'oaWQJXGd59', '444-272-2361', 'https://robohash.org/autvoluptatemvoluptate.png?size=50x50&set=set1');
insert into user (id, name, username, password, phone_number, photo) values (9, 'Hastie', 'hcopping8', '1mKxwlJx7aEy', '779-669-9401', 'https://robohash.org/providentsequiautem.png?size=50x50&set=set1');
insert into user (id, name, username, password, phone_number, photo) values (10, 'Farlee', 'fbarkley9', 'ycDyuS27o', '230-794-0282', 'https://robohash.org/vitaeaccusantiumquibusdam.png?size=50x50&set=set1');
insert into user (id, name, username, password, phone_number, photo) values (11, 'Elyssa', 'ebrabhama', 'mIXj3gpyEW', '938-232-3290', 'https://robohash.org/autemsuntdolorum.png?size=50x50&set=set1');
insert into user (id, name, username, password, phone_number, photo) values (12, 'Lulu', 'lpollastroneb', 'yv8akXC', '331-506-3600', 'https://robohash.org/voluptatemconsequunturex.png?size=50x50&set=set1');
insert into user (id, name, username, password, phone_number, photo) values (13, 'Merle', 'mbellardc', 'gyOiNyD', '373-183-1341', 'https://robohash.org/undeeiussint.png?size=50x50&set=set1');
insert into user (id, name, username, password, phone_number, photo) values (14, 'Bridget', 'bspellessyd', '4YNJDYQ1', '628-321-2562', 'https://robohash.org/omnisessetenetur.png?size=50x50&set=set1');
insert into user (id, name, username, password, phone_number, photo) values (15, 'Deena', 'dlevinse', 'T8ELiKnrw', '403-838-1302', 'https://robohash.org/repudiandaedoloremtempora.png?size=50x50&set=set1');
insert into user (id, name, username, password, phone_number, photo) values (16, 'Engracia', 'emullinsf', 'Ep7Jm34Z', '907-461-0650', 'https://robohash.org/autemquiofficiis.png?size=50x50&set=set1');
insert into user (id, name, username, password, phone_number, photo) values (17, 'Lawry', 'lturmellg', 'I3AQuhSR3', '215-700-5694', 'https://robohash.org/dolorumexpeditaet.png?size=50x50&set=set1');
insert into user (id, name, username, password, phone_number, photo) values (18, 'Renaldo', 'rjeanonh', 'XlqHfmcC', '530-396-3785', 'https://robohash.org/eosveniamvoluptates.png?size=50x50&set=set1');
insert into user (id, name, username, password, phone_number, photo) values (19, 'Newton', 'ntwiggeri', 'K2ydtkgq', '859-469-7943', 'https://robohash.org/suntrecusandaevoluptatum.png?size=50x50&set=set1');
insert into user (id, name, username, password, phone_number, photo) values (20, 'Pail', 'pprestigej', '2g1ekGJIzlF', '122-398-1231', 'https://robohash.org/seddignissimosconsequatur.png?size=50x50&set=set1');

insert into Groups (id, name, icon, last_settle_up, created_at) values (1, 'Morissette, Farrell and Lynch', 'https://robohash.org/etautemunde.png?size=50x50&set=set1', '1614155425', '1615195123');
insert into Groups (id, name, icon, last_settle_up, created_at) values (2, 'Windler, Pollich and Ferry', 'https://robohash.org/etrepellatdoloribus.png?size=50x50&set=set1', '1603208524', '1593680476');
insert into Groups (id, name, icon, last_settle_up, created_at) values (3, 'Nolan, Wunsch and Bednar', 'https://robohash.org/cupiditatebeataeducimus.png?size=50x50&set=set1', '1611648032', '1590532672');
insert into Groups (id, name, icon, last_settle_up, created_at) values (4, 'Murazik Inc', 'https://robohash.org/doloresundeiusto.png?size=50x50&set=set1', '1597616460', '1601988466');
insert into Groups (id, name, icon, last_settle_up, created_at) values (5, 'Schumm, Hilll and Mayert', 'https://robohash.org/itaquemagnamad.png?size=50x50&set=set1', '1601906327', '1592117386');
insert into Groups (id, name, icon, last_settle_up, created_at) values (6, 'Nicolas LLC', 'https://robohash.org/aliasconsequaturconsequatur.png?size=50x50&set=set1', '1600773861', '1613168961');
insert into Groups (id, name, icon, last_settle_up, created_at) values (7, 'Conn-Schimmel', 'https://robohash.org/essecorporisvelit.png?size=50x50&set=set1', '1617924814', '1599749868');
insert into Groups (id, name, icon, last_settle_up, created_at) values (8, 'Price LLC', 'https://robohash.org/sapientenatuset.png?size=50x50&set=set1', '1617786778', '1610433567');
insert into Groups (id, name, icon, last_settle_up, created_at) values (9, 'Yost Group', 'https://robohash.org/molestiasomnisnon.png?size=50x50&set=set1', '1597173065', '1589398337');
insert into Groups (id, name, icon, last_settle_up, created_at) values (10, 'Abernathy, Denesik and Jakubowski', 'https://robohash.org/dictadolorlaborum.png?size=50x50&set=set1', '1611850666', '1605655184');
insert into Groups (id, name, icon, last_settle_up, created_at) values (11, 'Ankunding-Armstrong', 'https://robohash.org/exvoluptatemquaerat.png?size=50x50&set=set1', '1608712260', '1612648437');
insert into Groups (id, name, icon, last_settle_up, created_at) values (12, 'Hoeger-Schaefer', 'https://robohash.org/quiavoluptatemvero.png?size=50x50&set=set1', '1606984699', '1612653428');
insert into Groups (id, name, icon, last_settle_up, created_at) values (13, 'Hilll, Zulauf and Lubowitz', 'https://robohash.org/consequunturplaceateum.png?size=50x50&set=set1', '1590720689', '1609570260');
insert into Groups (id, name, icon, last_settle_up, created_at) values (14, 'Feil Inc', 'https://robohash.org/doloremqueenimut.png?size=50x50&set=set1', '1609310709', '1591897752');
insert into Groups (id, name, icon, last_settle_up, created_at) values (15, 'Runolfsson LLC', 'https://robohash.org/dignissimosisteeum.png?size=50x50&set=set1', '1604835688', '1606797560');

insert into user_groups (user_id, group_id) values (2, 14);
insert into user_groups (user_id, group_id) values (19, 9);
insert into user_groups (user_id, group_id) values (7, 12);
insert into user_groups (user_id, group_id) values (9, 4);
insert into user_groups (user_id, group_id) values (12, 1);

insert into user_groups (user_id, group_id) values (1, 14);
insert into user_groups (user_id, group_id) values (1, 10);
insert into user_groups (user_id, group_id) values (1, 9);
insert into user_groups (user_id, group_id) values (1, 12);
insert into user_groups (user_id, group_id) values (1, 4);
insert into user_groups (user_id, group_id) values (1, 1);

insert into user_groups (user_id, group_id) values (3, 14);
insert into user_groups (user_id, group_id) values (3, 10);
insert into user_groups (user_id, group_id) values (3, 9);
insert into user_groups (user_id, group_id) values (3, 12);
insert into user_groups (user_id, group_id) values (3, 4);
insert into user_groups (user_id, group_id) values (3, 1);


insert into transactions (id, title, description, amount, user_id, group_id, created_at) values (1, 'Creme De Menth - White', 'Donec ut mauris eget massa tempor convallis.', 33.37, 2, 4, '1587904970');
insert into transactions (id, title, description, amount, user_id, group_id, created_at) values (2, 'Tuna - Canned, Flaked, Light', null, 68.44, 2, 14, '1606764859');
insert into transactions (id, title, description, amount, user_id, group_id, created_at) values (3, 'Wine - Pinot Noir Pond Haddock', null, 73.64, 2, 11, '1597339290');
insert into transactions (id, title, description, amount, user_id, group_id, created_at) values (4, 'Crush - Cream Soda', 'Maecenas leo odio, condimentum id, luctus nec, molestie sed, justo.', 90.81, 4, 13, '1607340642');
insert into transactions (id, title, description, amount, user_id, group_id, created_at) values (5, 'Cheese - Mozzarella', null, 166.49, 4, 3, '1614386852');
insert into transactions (id, title, description, amount, user_id, group_id, created_at) values (6, 'Onions - Spanish', null, 35.42, 4, 6, '1588249933');
insert into transactions (id, title, description, amount, user_id, group_id, created_at) values (7, 'Leeks - Large', 'Vivamus metus arcu, adipiscing molestie, hendrerit at, vulputate vitae, nisl.', 67.59, 4, 7, '1602198705');
insert into transactions (id, title, description, amount, user_id, group_id, created_at) values (8, 'Sauce - Cranberry', 'Cras in purus eu magna vulputate luctus. Cum sociis natoque penatibus et magnis dis parturient montes, nascetur ridiculus mus.', 102.58, 2, 11, '1615784334');
insert into transactions (id, title, description, amount, user_id, group_id, created_at) values (9, 'Onions - Vidalia', null, 35.69, 3, 5, '1587146153');
insert into transactions (id, title, description, amount, user_id, group_id, created_at) values (10, 'Wine - Charddonnay Errazuriz', 'Integer a nibh. In quis justo. Maecenas rhoncus aliquam lacus.', 189.58, 5, 8, '1609515951');
insert into transactions (id, title, description, amount, user_id, group_id, created_at) values (11, 'Truffle - Peelings', 'Integer aliquet, massa id lobortis convallis, tortor risus dapibus augue, vel accumsan tellus nisi eu orci. Mauris lacinia sapien quis libero.', 156.22, 5, 7, '1611305190');
insert into transactions (id, title, description, amount, user_id, group_id, created_at) values (12, 'Halibut - Whole, Fresh', null, 185.7, 1, 5, '1597929230');
insert into transactions (id, title, description, amount, user_id, group_id, created_at) values (13, 'Beer - Maudite', 'Etiam justo.', 58.71, 4, 13, '1606150938');
insert into transactions (id, title, description, amount, user_id, group_id, created_at) values (14, 'Oranges', 'Maecenas leo odio, condimentum id, luctus nec, molestie sed, justo. Pellentesque viverra pede ac diam.', 183.29, 2, 15, '1590453719');
insert into transactions (id, title, description, amount, user_id, group_id, created_at) values (15, 'Trout - Smoked', null, 92.74, 4, 6, '1610411226');
insert into transactions (id, title, description, amount, user_id, group_id, created_at) values (16, 'Tomatillo', 'Praesent lectus.', 145.34, 5, 14, '1589407765');
insert into transactions (id, title, description, amount, user_id, group_id, created_at) values (17, 'Juice - Pineapple, 341 Ml', null, 5.34, 5, 7, '1602052662');
insert into transactions (id, title, description, amount, user_id, group_id, created_at) values (18, 'Shrimp - Black Tiger 16/20', null, 136.97, 5, 9, '1601156262');
insert into transactions (id, title, description, amount, user_id, group_id, created_at) values (19, 'Chevere Logs', null, 183.74, 5, 9, '1615135695');
insert into transactions (id, title, description, amount, user_id, group_id, created_at) values (20, 'Pineapple - Canned, Rings', null, 73.37, 4, 5, '1617360788');
insert into transactions (id, title, description, amount, user_id, group_id, created_at) values (21, 'Crackers - Water', null, 194.15, 2, 14, '1613415253');
insert into transactions (id, title, description, amount, user_id, group_id, created_at) values (22, 'Coffee - Beans, Whole', null, 15.6, 1, 6, '1593208154');
insert into transactions (id, title, description, amount, user_id, group_id, created_at) values (23, 'Venison - Liver', 'Nulla suscipit ligula in lacus. Curabitur at ipsum ac tellus semper interdum.', 152.25, 4, 6, '1602001176');
insert into transactions (id, title, description, amount, user_id, group_id, created_at) values (24, 'Sugar Thermometer', null, 36.14, 1, 8, '1611864812');
insert into transactions (id, title, description, amount, user_id, group_id, created_at) values (25, 'Lidsoupcont Rp12dn', null, 40.61, 2, 2, '1603571940');
insert into transactions (id, title, description, amount, user_id, group_id, created_at) values (26, 'Olive - Spread Tapenade', 'Vestibulum ante ipsum primis in faucibus orci luctus et ultrices posuere cubilia Curae; Donec pharetra, magna vestibulum aliquet ultrices, erat tortor sollicitudin mi, sit amet lobortis sapien sapien non mi. Integer ac neque. Duis bibendum.', 132.04, 4, 13, '1596094489');
insert into transactions (id, title, description, amount, user_id, group_id, created_at) values (27, 'Ice Cream Bar - Hageen Daz To', null, 65.88, 1, 11, '1598111533');
insert into transactions (id, title, description, amount, user_id, group_id, created_at) values (28, 'Turkey - Breast, Smoked', 'Morbi ut odio.', 130.38, 1, 13, '1607816243');
insert into transactions (id, title, description, amount, user_id, group_id, created_at) values (29, 'Soup - Knorr, Classic Can. Chili', null, 4.03, 5, 3, '1605509709');
insert into transactions (id, title, description, amount, user_id, group_id, created_at) values (30, 'Pasta - Canelloni, Single Serve', 'Mauris ullamcorper purus sit amet nulla. Quisque arcu libero, rutrum ac, lobortis vel, dapibus at, diam.', 181.16, 3, 9, '1600579709');
insert into transactions (id, title, description, amount, user_id, group_id, created_at) values (31, 'Jello - Assorted', null, 41.98, 2, 12, '1594943976');
insert into transactions (id, title, description, amount, user_id, group_id, created_at) values (32, 'Mustard - Seed', 'Mauris lacinia sapien quis libero. Nullam sit amet turpis elementum ligula vehicula consequat.', 81.99, 2, 10, '1614962853');
insert into transactions (id, title, description, amount, user_id, group_id, created_at) values (33, 'Bread - Italian Roll With Herbs', 'Vestibulum ante ipsum primis in faucibus orci luctus et ultrices posuere cubilia Curae; Donec pharetra, magna vestibulum aliquet ultrices, erat tortor sollicitudin mi, sit amet lobortis sapien sapien non mi.', 177.89, 2, 13, '1606190273');
insert into transactions (id, title, description, amount, user_id, group_id, created_at) values (34, 'Dried Peach', 'Morbi sem mauris, laoreet ut, rhoncus aliquet, pulvinar sed, nisl. Nunc rhoncus dui vel sem. Sed sagittis.', 125.21, 4, 9, '1612606818');
insert into transactions (id, title, description, amount, user_id, group_id, created_at) values (35, 'Pastry - Mini French Pastries', null, 196.44, 2, 5, '1617306773');
insert into transactions (id, title, description, amount, user_id, group_id, created_at) values (36, 'Mangoes', 'Proin at turpis a pede posuere nonummy. Integer non velit. Donec diam neque, vestibulum eget, vulputate ut, ultrices vel, augue.', 54.71, 4, 1, '1603042256');
insert into transactions (id, title, description, amount, user_id, group_id, created_at) values (37, 'Wine - Remy Pannier Rose', 'Fusce congue, diam id ornare imperdiet, sapien urna pretium nisl, ut volutpat sapien arcu sed augue. Aliquam erat volutpat. In congue.', 70.84, 2, 8, '1612990559');
insert into transactions (id, title, description, amount, user_id, group_id, created_at) values (38, 'Tomatoes - Plum, Canned', 'Sed accumsan felis.', 32.03, 5, 5, '1589800407');
insert into transactions (id, title, description, amount, user_id, group_id, created_at) values (39, 'Oil - Safflower', 'Suspendisse potenti. In eleifend quam a odio.', 120.02, 4, 12, '1616988398');
insert into transactions (id, title, description, amount, user_id, group_id, created_at) values (40, 'Egg - Salad Premix', null, 141.81, 2, 15, '1590311942');
insert into transactions (id, title, description, amount, user_id, group_id, created_at) values (41, 'Brownies - Two Bite, Chocolate', null, 181.78, 5, 10, '1588200433');
insert into transactions (id, title, description, amount, user_id, group_id, created_at) values (42, 'Cheese Cloth No 100', null, 87.01, 3, 15, '1590264502');
insert into transactions (id, title, description, amount, user_id, group_id, created_at) values (43, 'Campari', 'Phasellus in felis. Donec semper sapien a libero.', 98.17, 1, 8, '1610021898');
insert into transactions (id, title, description, amount, user_id, group_id, created_at) values (44, 'Pork - Butt, Boneless', 'Etiam justo. Etiam pretium iaculis justo.', 123.68, 3, 15, '1604159703');
insert into transactions (id, title, description, amount, user_id, group_id, created_at) values (45, 'Cookie Dough - Peanut Butter', 'Mauris lacinia sapien quis libero.', 1.13, 4, 13, '1608236691');
insert into transactions (id, title, description, amount, user_id, group_id, created_at) values (46, 'Juice - Mango', 'Sed sagittis. Nam congue, risus semper porta volutpat, quam pede lobortis ligula, sit amet eleifend pede libero quis orci.', 32.46, 3, 4, '1607540160');
insert into transactions (id, title, description, amount, user_id, group_id, created_at) values (47, 'Pork - Bacon, Double Smoked', 'Morbi odio odio, elementum eu, interdum eu, tincidunt in, leo.', 27.77, 3, 11, '1616245471');
insert into transactions (id, title, description, amount, user_id, group_id, created_at) values (48, 'Cake - Miini Cheesecake Cherry', 'Vestibulum ante ipsum primis in faucibus orci luctus et ultrices posuere cubilia Curae; Duis faucibus accumsan odio. Curabitur convallis. Duis consequat dui nec nisi volutpat eleifend.', 17.78, 3, 5, '1597115580');
insert into transactions (id, title, description, amount, user_id, group_id, created_at) values (49, 'Chocolate Bar - Reese Pieces', 'Nullam porttitor lacus at turpis. Donec posuere metus vitae ipsum.', 40.3, 4, 10, '1588736716');
insert into transactions (id, title, description, amount, user_id, group_id, created_at) values (50, 'Coffee - Ristretto Coffee Capsule', null, 21.09, 1, 1, '1612503879');
insert into transactions (id, title, description, amount, user_id, group_id, created_at) values (51, 'Vodka - Moskovskaya', 'Vestibulum quam sapien, varius ut, blandit non, interdum in, ante. Vestibulum ante ipsum primis in faucibus orci luctus et ultrices posuere cubilia Curae; Duis faucibus accumsan odio. Curabitur convallis.', 42.71, 2, 3, '1588330069');
insert into transactions (id, title, description, amount, user_id, group_id, created_at) values (52, 'Nantucket Pine Orangebanana', null, 29.09, 2, 4, '1587569117');
insert into transactions (id, title, description, amount, user_id, group_id, created_at) values (53, 'Cheese - Boursin, Garlic / Herbs', 'Nunc purus.', 88.83, 4, 5, '1589218220');
insert into transactions (id, title, description, amount, user_id, group_id, created_at) values (54, 'Creme De Menthe Green', null, 43.2, 1, 6, '1597927806');
insert into transactions (id, title, description, amount, user_id, group_id, created_at) values (55, 'Ostrich - Prime Cut', 'Integer pede justo, lacinia eget, tincidunt eget, tempus vel, pede.', 115.45, 5, 1, '1593860470');
insert into transactions (id, title, description, amount, user_id, group_id, created_at) values (56, 'Beef - Diced', 'Ut at dolor quis odio consequat varius. Integer ac leo. Pellentesque ultrices mattis odio.', 188.75, 2, 4, '1616983643');
insert into transactions (id, title, description, amount, user_id, group_id, created_at) values (57, 'Beef - Shank', null, 140.93, 3, 6, '1599200810');
insert into transactions (id, title, description, amount, user_id, group_id, created_at) values (58, 'Cake - Box Window 10x10x2.5', 'Nulla tempus. Vivamus in felis eu sapien cursus vestibulum.', 38.46, 4, 1, '1612582359');
insert into transactions (id, title, description, amount, user_id, group_id, created_at) values (59, 'Tea Peppermint', 'Fusce consequat. Nulla nisl.', 141.62, 4, 1, '1597928242');
insert into transactions (id, title, description, amount, user_id, group_id, created_at) values (60, 'Chicken - Whole', 'Fusce lacus purus, aliquet at, feugiat non, pretium quis, lectus.', 70.0, 2, 10, '1605376646');
insert into transactions (id, title, description, amount, user_id, group_id, created_at) values (61, 'Wine - Domaine Boyar Royal', 'Donec odio justo, sollicitudin ut, suscipit a, feugiat et, eros. Vestibulum ac est lacinia nisi venenatis tristique.', 196.22, 4, 9, '1617156267');
insert into transactions (id, title, description, amount, user_id, group_id, created_at) values (62, 'Veal Inside - Provimi', 'Cras mi pede, malesuada in, imperdiet et, commodo vulputate, justo. In blandit ultrices enim.', 60.03, 3, 13, '1599326582');
insert into transactions (id, title, description, amount, user_id, group_id, created_at) values (63, 'Corn - Cream, Canned', null, 176.89, 3, 3, '1605745271');
insert into transactions (id, title, description, amount, user_id, group_id, created_at) values (64, 'Coconut - Shredded, Sweet', 'Aliquam augue quam, sollicitudin vitae, consectetuer eget, rutrum at, lorem. Integer tincidunt ante vel ipsum.', 117.9, 3, 6, '1591521427');
insert into transactions (id, title, description, amount, user_id, group_id, created_at) values (65, 'Mikes Hard Lemonade', null, 156.05, 2, 15, '1615763025');
insert into transactions (id, title, description, amount, user_id, group_id, created_at) values (66, 'Waffle Stix', null, 178.21, 2, 6, '1613918481');
insert into transactions (id, title, description, amount, user_id, group_id, created_at) values (67, 'Dasheen', 'Etiam vel augue. Vestibulum rutrum rutrum neque. Aenean auctor gravida sem.', 147.32, 5, 12, '1589756770');
insert into transactions (id, title, description, amount, user_id, group_id, created_at) values (68, 'Chocolate - Sugar Free Semi Choc', 'Integer aliquet, massa id lobortis convallis, tortor risus dapibus augue, vel accumsan tellus nisi eu orci. Mauris lacinia sapien quis libero. Nullam sit amet turpis elementum ligula vehicula consequat.', 38.09, 3, 5, '1590349174');
insert into transactions (id, title, description, amount, user_id, group_id, created_at) values (69, 'Wine - Fino Tio Pepe Gonzalez', 'Morbi vel lectus in quam fringilla rhoncus.', 145.86, 1, 13, '1591194515');
insert into transactions (id, title, description, amount, user_id, group_id, created_at) values (70, 'Nantucket - 518ml', 'Nullam porttitor lacus at turpis. Donec posuere metus vitae ipsum.', 3.36, 4, 6, '1600065742');
insert into transactions (id, title, description, amount, user_id, group_id, created_at) values (71, 'Sage Derby', 'In hac habitasse platea dictumst. Etiam faucibus cursus urna.', 152.05, 4, 3, '1613078649');
insert into transactions (id, title, description, amount, user_id, group_id, created_at) values (72, 'Milk 2% 500 Ml', 'Vivamus in felis eu sapien cursus vestibulum.', 51.63, 4, 11, '1606035505');
insert into transactions (id, title, description, amount, user_id, group_id, created_at) values (73, 'Pork - Backs - Boneless', 'In est risus, auctor sed, tristique in, tempus sit amet, sem. Fusce consequat.', 24.14, 4, 12, '1590166338');
insert into transactions (id, title, description, amount, user_id, group_id, created_at) values (74, 'Appetizer - Veg Assortment', null, 167.6, 5, 12, '1611881947');
insert into transactions (id, title, description, amount, user_id, group_id, created_at) values (75, 'Bread Base - Goodhearth', 'Suspendisse accumsan tortor quis turpis. Sed ante. Vivamus tortor.', 45.29, 4, 14, '1608363638');
insert into transactions (id, title, description, amount, user_id, group_id, created_at) values (76, 'Napkin - Dinner, White', 'In est risus, auctor sed, tristique in, tempus sit amet, sem. Fusce consequat. Nulla nisl.', 34.94, 2, 2, '1590742184');
insert into transactions (id, title, description, amount, user_id, group_id, created_at) values (77, 'Sauce - Gravy, Au Jus, Mix', null, 114.97, 5, 15, '1603516484');
insert into transactions (id, title, description, amount, user_id, group_id, created_at) values (78, 'Cheese - Camembert', null, 24.51, 2, 5, '1618214955');
insert into transactions (id, title, description, amount, user_id, group_id, created_at) values (79, 'Pork - Backs - Boneless', null, 45.93, 3, 11, '1615203000');
insert into transactions (id, title, description, amount, user_id, group_id, created_at) values (80, 'Cheese - St. Andre', null, 90.98, 4, 7, '1618251822');
insert into transactions (id, title, description, amount, user_id, group_id, created_at) values (81, 'Energy Drink Red Bull', null, 181.63, 5, 2, '1598941093');
insert into transactions (id, title, description, amount, user_id, group_id, created_at) values (82, 'Plums - Red', 'Pellentesque ultrices mattis odio.', 55.03, 4, 5, '1610304462');
insert into transactions (id, title, description, amount, user_id, group_id, created_at) values (83, 'Caviar - Salmon', 'Nulla mollis molestie lorem. Quisque ut erat.', 168.24, 5, 6, '1607225919');
insert into transactions (id, title, description, amount, user_id, group_id, created_at) values (84, 'Appetizer - Mini Egg Roll, Shrimp', 'Duis ac nibh.', 138.47, 2, 9, '1618256706');
insert into transactions (id, title, description, amount, user_id, group_id, created_at) values (85, 'Rabbit - Legs', 'Nulla tellus. In sagittis dui vel nisl.', 168.71, 3, 8, '1598737566');
insert into transactions (id, title, description, amount, user_id, group_id, created_at) values (86, 'Pears - Anjou', 'Cras non velit nec nisi vulputate nonummy. Maecenas tincidunt lacus at velit. Vivamus vel nulla eget eros elementum pellentesque.', 81.05, 4, 5, '1606353896');
insert into transactions (id, title, description, amount, user_id, group_id, created_at) values (87, 'Vodka - Lemon, Absolut', 'Etiam justo. Etiam pretium iaculis justo. In hac habitasse platea dictumst.', 18.21, 5, 2, '1614850633');
insert into transactions (id, title, description, amount, user_id, group_id, created_at) values (88, 'Veal - Inside Round / Top, Lean', null, 20.91, 4, 10, '1600208735');
insert into transactions (id, title, description, amount, user_id, group_id, created_at) values (89, 'Bread - Kimel Stick Poly', null, 114.37, 4, 2, '1594569822');
insert into transactions (id, title, description, amount, user_id, group_id, created_at) values (90, 'Vodka - Lemon, Absolut', 'Sed sagittis. Nam congue, risus semper porta volutpat, quam pede lobortis ligula, sit amet eleifend pede libero quis orci.', 111.5, 2, 10, '1607780046');
insert into transactions (id, title, description, amount, user_id, group_id, created_at) values (91, 'Soup - Campbells, Classic Chix', null, 124.9, 2, 1, '1598670661');
insert into transactions (id, title, description, amount, user_id, group_id, created_at) values (92, 'Coffee Cup 12oz 5342cd', null, 6.68, 1, 3, '1596421652');
insert into transactions (id, title, description, amount, user_id, group_id, created_at) values (93, 'Tea - Grapefruit Green Tea', null, 124.86, 1, 13, '1606352897');
insert into transactions (id, title, description, amount, user_id, group_id, created_at) values (94, 'Nut - Almond, Blanched, Sliced', 'Proin eu mi.', 21.69, 5, 8, '1602221599');
insert into transactions (id, title, description, amount, user_id, group_id, created_at) values (95, 'Waffle Stix', 'Nullam porttitor lacus at turpis. Donec posuere metus vitae ipsum. Aliquam non mauris.', 31.38, 5, 12, '1613732823');
insert into transactions (id, title, description, amount, user_id, group_id, created_at) values (96, 'Carbonated Water - Blackcherry', null, 79.24, 5, 12, '1615500637');
insert into transactions (id, title, description, amount, user_id, group_id, created_at) values (97, 'English Muffin', 'Pellentesque eget nunc. Donec quis orci eget orci vehicula condimentum. Curabitur in libero ut massa volutpat convallis.', 35.55, 3, 2, '1612690800');
insert into transactions (id, title, description, amount, user_id, group_id, created_at) values (98, 'Puree - Kiwi', null, 20.64, 2, 13, '1612003185');
insert into transactions (id, title, description, amount, user_id, group_id, created_at) values (99, 'Dip - Tapenade', 'Ut tellus. Nulla ut erat id mauris vulputate elementum.', 81.79, 4, 13, '1591328411');
insert into transactions (id, title, description, amount, user_id, group_id, created_at) values (100, 'Fiddlehead - Frozen', null, 192.13, 4, 11, '1600182368');

insert into involved (id, user_id, transaction_id, amount, created_at) values (1, 5, 63, 47.78, '1614551782');
insert into involved (id, user_id, transaction_id, amount, created_at) values (2, 3, 29, 48.33, '1612877540');
insert into involved (id, user_id, transaction_id, amount, created_at) values (3, 1, 28, 47.59, '1587909101');
insert into involved (id, user_id, transaction_id, amount, created_at) values (4, 1, 77, 24.96, '1604181835');
insert into involved (id, user_id, transaction_id, amount, created_at) values (5, 2, 73, 34.79, '1613768016');
insert into involved (id, user_id, transaction_id, amount, created_at) values (6, 3, 48, 15.19, '1587534659');
insert into involved (id, user_id, transaction_id, amount, created_at) values (7, 3, 87, 6.05, '1590406202');
insert into involved (id, user_id, transaction_id, amount, created_at) values (8, 4, 66, 21.98, '1592856265');
insert into involved (id, user_id, transaction_id, amount, created_at) values (9, 4, 50, 27.76, '1600594993');
insert into involved (id, user_id, transaction_id, amount, created_at) values (10, 2, 35, 40.61, '1613355043');
insert into involved (id, user_id, transaction_id, amount, created_at) values (11, 5, 25, 40.65, '1598624397');
insert into involved (id, user_id, transaction_id, amount, created_at) values (12, 2, 71, 21.84, '1610236793');
insert into involved (id, user_id, transaction_id, amount, created_at) values (13, 3, 91, 24.91, '1587334963');
insert into involved (id, user_id, transaction_id, amount, created_at) values (14, 4, 79, 46.59, '1600977168');
insert into involved (id, user_id, transaction_id, amount, created_at) values (15, 3, 40, 6.13, '1613075803');
insert into involved (id, user_id, transaction_id, amount, created_at) values (16, 4, 94, 31.36, '1606350208');
insert into involved (id, user_id, transaction_id, amount, created_at) values (17, 5, 51, 10.75, '1592673638');
insert into involved (id, user_id, transaction_id, amount, created_at) values (18, 2, 24, 46.65, '1613447557');
insert into involved (id, user_id, transaction_id, amount, created_at) values (19, 2, 95, 19.02, '1616804583');
insert into involved (id, user_id, transaction_id, amount, created_at) values (20, 2, 74, 36.55, '1613126172');
insert into involved (id, user_id, transaction_id, amount, created_at) values (21, 1, 31, 28.59, '1608594950');
insert into involved (id, user_id, transaction_id, amount, created_at) values (22, 3, 81, 20.86, '1603190894');
insert into involved (id, user_id, transaction_id, amount, created_at) values (23, 3, 49, 33.82, '1605666171');
insert into involved (id, user_id, transaction_id, amount, created_at) values (24, 3, 87, 9.72, '1589267869');
insert into involved (id, user_id, transaction_id, amount, created_at) values (25, 4, 77, 47.0, '1587630142');
insert into involved (id, user_id, transaction_id, amount, created_at) values (26, 2, 65, 29.22, '1613597547');
insert into involved (id, user_id, transaction_id, amount, created_at) values (27, 1, 15, 37.13, '1597864080');
insert into involved (id, user_id, transaction_id, amount, created_at) values (28, 3, 39, 29.18, '1604642187');
insert into involved (id, user_id, transaction_id, amount, created_at) values (29, 5, 21, 45.18, '1600079375');
insert into involved (id, user_id, transaction_id, amount, created_at) values (30, 5, 60, 27.56, '1594751596');
insert into involved (id, user_id, transaction_id, amount, created_at) values (31, 2, 35, 1.92, '1603619795');
insert into involved (id, user_id, transaction_id, amount, created_at) values (32, 5, 35, 17.26, '1589934526');
insert into involved (id, user_id, transaction_id, amount, created_at) values (33, 3, 6, 21.55, '1611101617');
insert into involved (id, user_id, transaction_id, amount, created_at) values (34, 2, 93, 47.19, '1588470581');
insert into involved (id, user_id, transaction_id, amount, created_at) values (35, 4, 28, 10.38, '1587872317');
insert into involved (id, user_id, transaction_id, amount, created_at) values (36, 3, 56, 10.59, '1599943929');
insert into involved (id, user_id, transaction_id, amount, created_at) values (37, 3, 88, 3.51, '1611761091');
insert into involved (id, user_id, transaction_id, amount, created_at) values (38, 2, 49, 25.35, '1598571153');
insert into involved (id, user_id, transaction_id, amount, created_at) values (39, 2, 52, 17.41, '1613119721');
insert into involved (id, user_id, transaction_id, amount, created_at) values (40, 1, 26, 1.13, '1594290227');
insert into involved (id, user_id, transaction_id, amount, created_at) values (41, 1, 40, 40.81, '1593120972');
insert into involved (id, user_id, transaction_id, amount, created_at) values (42, 4, 100, 5.08, '1596426685');
insert into involved (id, user_id, transaction_id, amount, created_at) values (43, 3, 52, 5.93, '1588314939');
insert into involved (id, user_id, transaction_id, amount, created_at) values (44, 2, 55, 43.7, '1589636148');
insert into involved (id, user_id, transaction_id, amount, created_at) values (45, 4, 28, 44.13, '1603727604');
insert into involved (id, user_id, transaction_id, amount, created_at) values (46, 2, 38, 16.26, '1588059806');
insert into involved (id, user_id, transaction_id, amount, created_at) values (47, 1, 19, 15.9, '1596505268');
insert into involved (id, user_id, transaction_id, amount, created_at) values (48, 3, 17, 45.37, '1590991972');
insert into involved (id, user_id, transaction_id, amount, created_at) values (49, 2, 45, 14.64, '1590362916');
insert into involved (id, user_id, transaction_id, amount, created_at) values (50, 1, 23, 11.06, '1594855776');
insert into involved (id, user_id, transaction_id, amount, created_at) values (51, 1, 88, 22.75, '1600989785');
insert into involved (id, user_id, transaction_id, amount, created_at) values (52, 4, 53, 28.72, '1613329838');
insert into involved (id, user_id, transaction_id, amount, created_at) values (53, 1, 7, 25.83, '1597720919');
insert into involved (id, user_id, transaction_id, amount, created_at) values (54, 2, 35, 18.66, '1600942563');
insert into involved (id, user_id, transaction_id, amount, created_at) values (55, 1, 66, 35.04, '1618173731');
insert into involved (id, user_id, transaction_id, amount, created_at) values (56, 2, 90, 1.36, '1600306165');
insert into involved (id, user_id, transaction_id, amount, created_at) values (57, 4, 63, 48.19, '1598191775');
insert into involved (id, user_id, transaction_id, amount, created_at) values (58, 5, 95, 5.21, '1612910647');
insert into involved (id, user_id, transaction_id, amount, created_at) values (59, 3, 25, 29.83, '1605631997');
insert into involved (id, user_id, transaction_id, amount, created_at) values (60, 5, 18, 35.37, '1610896362');
insert into involved (id, user_id, transaction_id, amount, created_at) values (61, 2, 67, 29.09, '1598315303');
insert into involved (id, user_id, transaction_id, amount, created_at) values (62, 1, 4, 31.26, '1592450685');
insert into involved (id, user_id, transaction_id, amount, created_at) values (63, 2, 19, 11.86, '1607374608');
insert into involved (id, user_id, transaction_id, amount, created_at) values (64, 5, 48, 3.25, '1590141968');
insert into involved (id, user_id, transaction_id, amount, created_at) values (65, 4, 84, 5.32, '1592256651');
insert into involved (id, user_id, transaction_id, amount, created_at) values (66, 2, 13, 13.42, '1589332750');
insert into involved (id, user_id, transaction_id, amount, created_at) values (67, 3, 7, 46.49, '1587810053');
insert into involved (id, user_id, transaction_id, amount, created_at) values (68, 2, 27, 21.65, '1603620821');
insert into involved (id, user_id, transaction_id, amount, created_at) values (69, 3, 54, 13.39, '1615590281');
insert into involved (id, user_id, transaction_id, amount, created_at) values (70, 2, 63, 2.64, '1596496538');
insert into involved (id, user_id, transaction_id, amount, created_at) values (71, 2, 82, 38.82, '1587129893');
insert into involved (id, user_id, transaction_id, amount, created_at) values (72, 5, 41, 4.29, '1587075313');
insert into involved (id, user_id, transaction_id, amount, created_at) values (73, 5, 20, 48.52, '1600192758');
insert into involved (id, user_id, transaction_id, amount, created_at) values (74, 3, 10, 33.2, '1596786993');
insert into involved (id, user_id, transaction_id, amount, created_at) values (75, 1, 20, 43.51, '1596748971');
insert into involved (id, user_id, transaction_id, amount, created_at) values (76, 3, 50, 10.25, '1599318089');
insert into involved (id, user_id, transaction_id, amount, created_at) values (77, 3, 70, 42.6, '1610295301');
insert into involved (id, user_id, transaction_id, amount, created_at) values (78, 2, 35, 13.77, '1597953577');
insert into involved (id, user_id, transaction_id, amount, created_at) values (79, 3, 12, 29.15, '1589646282');
insert into involved (id, user_id, transaction_id, amount, created_at) values (80, 1, 56, 9.14, '1609658523');
insert into involved (id, user_id, transaction_id, amount, created_at) values (81, 3, 52, 12.85, '1592403557');
insert into involved (id, user_id, transaction_id, amount, created_at) values (82, 1, 26, 3.87, '1588624071');
insert into involved (id, user_id, transaction_id, amount, created_at) values (83, 2, 32, 33.2, '1595163278');
insert into involved (id, user_id, transaction_id, amount, created_at) values (84, 2, 7, 13.19, '1590750370');
insert into involved (id, user_id, transaction_id, amount, created_at) values (85, 2, 37, 32.12, '1589654304');
insert into involved (id, user_id, transaction_id, amount, created_at) values (86, 5, 88, 33.21, '1595128409');
insert into involved (id, user_id, transaction_id, amount, created_at) values (87, 5, 80, 15.01, '1598108112');
insert into involved (id, user_id, transaction_id, amount, created_at) values (88, 4, 21, 45.05, '1612251112');
insert into involved (id, user_id, transaction_id, amount, created_at) values (89, 2, 69, 1.31, '1604754218');
insert into involved (id, user_id, transaction_id, amount, created_at) values (90, 4, 99, 33.78, '1606767315');
insert into involved (id, user_id, transaction_id, amount, created_at) values (91, 2, 38, 18.2, '1607725399');
insert into involved (id, user_id, transaction_id, amount, created_at) values (92, 3, 68, 13.84, '1601288096');
insert into involved (id, user_id, transaction_id, amount, created_at) values (93, 2, 66, 24.17, '1614843955');
insert into involved (id, user_id, transaction_id, amount, created_at) values (94, 3, 36, 12.18, '1595743781');
insert into involved (id, user_id, transaction_id, amount, created_at) values (95, 5, 33, 49.43, '1609524180');
insert into involved (id, user_id, transaction_id, amount, created_at) values (96, 5, 67, 34.33, '1609528252');
insert into involved (id, user_id, transaction_id, amount, created_at) values (97, 3, 52, 47.6, '1595784577');
insert into involved (id, user_id, transaction_id, amount, created_at) values (98, 1, 61, 30.78, '1606515391');
insert into involved (id, user_id, transaction_id, amount, created_at) values (99, 3, 76, 7.78, '1603408953');
insert into involved (id, user_id, transaction_id, amount, created_at) values (100, 5, 35, 22.9, '1615396170');